day,state,brand,Meta,GAds,TikTok,Semana,Año,rql
2025-03-31,Aguascalientes,Bajaj,Aguascalientes,Aguascalientes,Aguascalientes,14,2025,3.0
2025-03-31,Baja California,Bajaj,Baja California,Baja California,Baja California,14,2025,1.0
2025-03-31,Baja California,Dinamo,Baja California,Baja California,Baja California,14,2025,1.0
2025-03-31,Baja California,Honda,Baja California,Baja California,Baja California,14,2025,2.0
2025-03-31,Baja California,Vento,Baja California,Baja California,Baja California,14,2025,1.0
2025-03-31,Baja California Sur,Bajaj,Baja California Sur,Baja California Sur,Baja California Sur,14,2025,1.0
2025-03-31,Campeche,Bajaj,Campeche,Campeche,Campeche,14,2025,1.0
2025-03-31,Campeche,Yamaha,Campeche,Campeche,Campeche,14,2025,1.0
2025-03-31,Chihuahua,Bajaj,Chihuahua,Chihuahua,Chihuahua,14,2025,2.0
2025-03-31,Colima,Bajaj,Colima,Colima,Colima,14,2025,3.0
2025-03-31,Colima,Suzuki,Colima,Colima,Colima,14,2025,1.0
2025-03-31,Durango,Vento,Durango,Durango,Durango,14,2025,1.0
2025-03-31,Guanajuato,Bajaj,Guanajuato,Guanajuato,Guanajuato,14,2025,6.0
2025-03-31,Guanajuato,Hero,Guanajuato,Guanajuato,Guanajuato,14,2025,2.0
2025-03-31,Guanajuato,Italika,Guanajuato,Guanajuato,Guanajuato,14,2025,1.0
2025-03-31,Guanajuato,TVS,Guanajuato,Guanajuato,Guanajuato,14,2025,1.0
2025-03-31,Guanajuato,Vento,Guanajuato,Guanajuato,Guanajuato,14,2025,2.0
2025-03-31,Guanajuato,Zmoto,Guanajuato,Guanajuato,Guanajuato,14,2025,1.0
2025-03-31,Guerrero,Bajaj,Guerrero,Guerrero,Guerrero,14,2025,4.0
2025-03-31,Guerrero,Honda,Guerrero,Guerrero,Guerrero,14,2025,2.0
2025-03-31,Guerrero,Italika,Guerrero,Guerrero,Guerrero,14,2025,1.0
2025-03-31,Guerrero,Kawasaki,Guerrero,Guerrero,Guerrero,14,2025,1.0
2025-03-31,Guerrero,Vento,Guerrero,Guerrero,Guerrero,14,2025,1.0
2025-03-31,Guerrero,Zmoto,Guerrero,Guerrero,Guerrero,14,2025,1.0
2025-03-31,Hidalgo,Bajaj,Hidalgo,Hidalgo,Hidalgo,14,2025,3.0
2025-03-31,Hidalgo,Dinamo,Hidalgo,Hidalgo,Hidalgo,14,2025,1.0
2025-03-31,Hidalgo,Honda,Hidalgo,Hidalgo,Hidalgo,14,2025,1.0
2025-03-31,Hidalgo,Vento,Hidalgo,Hidalgo,Hidalgo,14,2025,2.0
2025-03-31,Jalisco,Bajaj,Jalisco,Jalisco,Jalisco,14,2025,29.0
2025-03-31,Jalisco,CF Moto,Jalisco,Jalisco,Jalisco,14,2025,13.0
2025-03-31,Jalisco,CFLITE,Jalisco,Jalisco,Jalisco,14,2025,1.0
2025-03-31,Jalisco,Hero,Jalisco,Jalisco,Jalisco,14,2025,2.0
2025-03-31,Jalisco,Honda,Jalisco,Jalisco,Jalisco,14,2025,8.0
2025-03-31,Jalisco,Italika,Jalisco,Jalisco,Jalisco,14,2025,5.0
2025-03-31,Jalisco,Suzuki,Jalisco,Jalisco,Jalisco,14,2025,1.0
2025-03-31,Jalisco,TVS,Jalisco,Jalisco,Jalisco,14,2025,1.0
2025-03-31,Jalisco,Vento,Jalisco,Jalisco,Jalisco,14,2025,9.0
2025-03-31,Jalisco,Yamaha,Jalisco,Jalisco,Jalisco,14,2025,4.0
2025-03-31,Jalisco,Zmoto,Jalisco,Jalisco,Jalisco,14,2025,1.0
2025-03-31,Michoacán,Bajaj,Michoacán de Ocampo,Michoacan,Michoacan,14,2025,10.0
2025-03-31,Michoacán,Honda,Michoacán de Ocampo,Michoacan,Michoacan,14,2025,1.0
2025-03-31,Michoacán,Italika,Michoacán de Ocampo,Michoacan,Michoacan,14,2025,2.0
2025-03-31,Michoacán,KTM,Michoacán de Ocampo,Michoacan,Michoacan,14,2025,1.0
2025-03-31,Michoacán,MB,Michoacán de Ocampo,Michoacan,Michoacan,14,2025,1.0
2025-03-31,Morelos,Bajaj,Morelos,Morelos,Morelos,14,2025,6.0
2025-03-31,Morelos,Benelli,Morelos,Morelos,Morelos,14,2025,1.0
2025-03-31,Morelos,CF Moto,Morelos,Morelos,Morelos,14,2025,1.0
2025-03-31,Morelos,Honda,Morelos,Morelos,Morelos,14,2025,1.0
2025-03-31,Morelos,KTM,Morelos,Morelos,Morelos,14,2025,1.0
2025-03-31,Morelos,Kawasaki,Morelos,Morelos,Morelos,14,2025,1.0
2025-03-31,Morelos,Suzuki,Morelos,Morelos,Morelos,14,2025,1.0
2025-03-31,Morelos,Vento,Morelos,Morelos,Morelos,14,2025,5.0
2025-03-31,Morelos,Yamaha,Morelos,Morelos,Morelos,14,2025,1.0
2025-03-31,México,Bajaj,State of Mexico,State of Mexico,Mexico,14,2025,57.0
2025-03-31,México,Benelli,State of Mexico,State of Mexico,Mexico,14,2025,4.0
2025-03-31,México,CF Moto,State of Mexico,State of Mexico,Mexico,14,2025,15.0
2025-03-31,México,CFLITE,State of Mexico,State of Mexico,Mexico,14,2025,1.0
2025-03-31,México,Hero,State of Mexico,State of Mexico,Mexico,14,2025,2.0
2025-03-31,México,Honda,State of Mexico,State of Mexico,Mexico,14,2025,10.0
2025-03-31,México,Italika,State of Mexico,State of Mexico,Mexico,14,2025,20.0
2025-03-31,México,KTM,State of Mexico,State of Mexico,Mexico,14,2025,6.0
2025-03-31,México,Kawasaki,State of Mexico,State of Mexico,Mexico,14,2025,2.0
2025-03-31,México,MB,State of Mexico,State of Mexico,Mexico,14,2025,1.0
2025-03-31,México,Suzuki,State of Mexico,State of Mexico,Mexico,14,2025,3.0
2025-03-31,México,TVS,State of Mexico,State of Mexico,Mexico,14,2025,7.0
2025-03-31,México,Treck,State of Mexico,State of Mexico,Mexico,14,2025,1.0
2025-03-31,México,Vento,State of Mexico,State of Mexico,Mexico,14,2025,33.0
2025-03-31,México,Yamaha,State of Mexico,State of Mexico,Mexico,14,2025,6.0
2025-03-31,México,Zmoto,State of Mexico,State of Mexico,Mexico,14,2025,1.0
2025-03-31,Nayarit,Bajaj,Nayarit,Nayarit,Nayarit,14,2025,1.0
2025-03-31,Nayarit,CF Moto,Nayarit,Nayarit,Nayarit,14,2025,1.0
2025-03-31,Nayarit,CFLITE,Nayarit,Nayarit,Nayarit,14,2025,1.0
2025-03-31,Nayarit,Italika,Nayarit,Nayarit,Nayarit,14,2025,1.0
2025-03-31,Nuevo León,Bajaj,Nuevo León,Nuevo Leon,Nuevo Leon,14,2025,3.0
2025-03-31,Nuevo León,Benelli,Nuevo León,Nuevo Leon,Nuevo Leon,14,2025,1.0
2025-03-31,Nuevo León,CF Moto,Nuevo León,Nuevo Leon,Nuevo Leon,14,2025,5.0
2025-03-31,Nuevo León,Honda,Nuevo León,Nuevo Leon,Nuevo Leon,14,2025,5.0
2025-03-31,Nuevo León,KTM,Nuevo León,Nuevo Leon,Nuevo Leon,14,2025,1.0
2025-03-31,Nuevo León,Vento,Nuevo León,Nuevo Leon,Nuevo Leon,14,2025,3.0
2025-03-31,Nuevo León,Yamaha,Nuevo León,Nuevo Leon,Nuevo Leon,14,2025,2.0
2025-03-31,Oaxaca,Bajaj,Oaxaca,Oaxaca,Oaxaca,14,2025,12.0
2025-03-31,Oaxaca,CF Moto,Oaxaca,Oaxaca,Oaxaca,14,2025,5.0
2025-03-31,Oaxaca,CFLITE,Oaxaca,Oaxaca,Oaxaca,14,2025,1.0
2025-03-31,Oaxaca,Hero,Oaxaca,Oaxaca,Oaxaca,14,2025,3.0
2025-03-31,Oaxaca,Italika,Oaxaca,Oaxaca,Oaxaca,14,2025,3.0
2025-03-31,Oaxaca,Suzuki,Oaxaca,Oaxaca,Oaxaca,14,2025,2.0
2025-03-31,Oaxaca,Vento,Oaxaca,Oaxaca,Oaxaca,14,2025,2.0
2025-03-31,Oaxaca,Yamaha,Oaxaca,Oaxaca,Oaxaca,14,2025,4.0
2025-03-31,Puebla,Bajaj,Puebla,Puebla,Puebla,14,2025,15.0
2025-03-31,Puebla,CF Moto,Puebla,Puebla,Puebla,14,2025,2.0
2025-03-31,Puebla,CFLITE,Puebla,Puebla,Puebla,14,2025,2.0
2025-03-31,Puebla,Hero,Puebla,Puebla,Puebla,14,2025,1.0
2025-03-31,Puebla,Honda,Puebla,Puebla,Puebla,14,2025,3.0
2025-03-31,Puebla,Italika,Puebla,Puebla,Puebla,14,2025,4.0
2025-03-31,Puebla,Kawasaki,Puebla,Puebla,Puebla,14,2025,1.0
2025-03-31,Puebla,Suzuki,Puebla,Puebla,Puebla,14,2025,3.0
2025-03-31,Puebla,TVS,Puebla,Puebla,Puebla,14,2025,1.0
2025-03-31,Puebla,Vento,Puebla,Puebla,Puebla,14,2025,4.0
2025-03-31,Querétaro,Bajaj,Querétaro Arteaga,Queretaro,Queretaro,14,2025,3.0
2025-03-31,Querétaro,Vento,Querétaro Arteaga,Queretaro,Queretaro,14,2025,3.0
2025-03-31,Quintana Roo,Bajaj,Quintana Roo,Quintana Roo,Quintana Roo,14,2025,12.0
2025-03-31,Quintana Roo,CF Moto,Quintana Roo,Quintana Roo,Quintana Roo,14,2025,4.0
2025-03-31,Quintana Roo,CFLITE,Quintana Roo,Quintana Roo,Quintana Roo,14,2025,1.0
2025-03-31,Quintana Roo,Honda,Quintana Roo,Quintana Roo,Quintana Roo,14,2025,3.0
2025-03-31,Quintana Roo,Italika,Quintana Roo,Quintana Roo,Quintana Roo,14,2025,2.0
2025-03-31,Quintana Roo,Suzuki,Quintana Roo,Quintana Roo,Quintana Roo,14,2025,1.0
2025-03-31,Quintana Roo,Vento,Quintana Roo,Quintana Roo,Quintana Roo,14,2025,1.0
2025-03-31,Quintana Roo,Yamaha,Quintana Roo,Quintana Roo,Quintana Roo,14,2025,3.0
2025-03-31,San Luis Potosí,Bajaj,San Luis Potosi,San Luis Potosi,San Luis Potosi,14,2025,3.0
2025-03-31,Tabasco,Honda,Tabasco,Tabasco,Tabasco,14,2025,1.0
2025-03-31,Tabasco,Italika,Tabasco,Tabasco,Tabasco,14,2025,1.0
2025-03-31,Tabasco,KTM,Tabasco,Tabasco,Tabasco,14,2025,1.0
2025-03-31,Tabasco,Vento,Tabasco,Tabasco,Tabasco,14,2025,1.0
2025-03-31,Tlaxcala,Bajaj,Tlaxcala,Tlaxcala,Tlaxcala,14,2025,1.0
2025-03-31,Tlaxcala,Benelli,Tlaxcala,Tlaxcala,Tlaxcala,14,2025,2.0
2025-03-31,Tlaxcala,Italika,Tlaxcala,Tlaxcala,Tlaxcala,14,2025,1.0
2025-03-31,Tlaxcala,Kawasaki,Tlaxcala,Tlaxcala,Tlaxcala,14,2025,1.0
2025-03-31,Tlaxcala,Vento,Tlaxcala,Tlaxcala,Tlaxcala,14,2025,1.0
2025-03-31,Veracruz,Bajaj,Veracruz,Veracruz,Veracruz,14,2025,7.0
2025-03-31,Veracruz,Benelli,Veracruz,Veracruz,Veracruz,14,2025,1.0
2025-03-31,Veracruz,CF Moto,Veracruz,Veracruz,Veracruz,14,2025,1.0
2025-03-31,Veracruz,Honda,Veracruz,Veracruz,Veracruz,14,2025,1.0
2025-03-31,Veracruz,Italika,Veracruz,Veracruz,Veracruz,14,2025,2.0
2025-03-31,Veracruz,Suzuki,Veracruz,Veracruz,Veracruz,14,2025,2.0
2025-03-31,Veracruz,Vento,Veracruz,Veracruz,Veracruz,14,2025,1.0
2025-03-31,Veracruz,Yamaha,Veracruz,Veracruz,Veracruz,14,2025,1.0
2025-03-31,Yucatán,Bajaj,Yucatán,Yucatan,Yucatan,14,2025,7.0
2025-03-31,Yucatán,Benelli,Yucatán,Yucatan,Yucatan,14,2025,1.0
2025-03-31,Yucatán,CF Moto,Yucatán,Yucatan,Yucatan,14,2025,1.0
2025-03-31,Yucatán,Honda,Yucatán,Yucatan,Yucatan,14,2025,1.0
2025-03-31,Yucatán,KTM,Yucatán,Yucatan,Yucatan,14,2025,1.0
2025-03-31,Yucatán,Kawasaki,Yucatán,Yucatan,Yucatan,14,2025,1.0
2025-03-31,Yucatán,Yamaha,Yucatán,Yucatan,Yucatan,14,2025,1.0
2025-03-31,Yucatán,Zmoto,Yucatán,Yucatan,Yucatan,14,2025,1.0
2025-04-01,Aguascalientes,Bajaj,Aguascalientes,Aguascalientes,Aguascalientes,14,2025,3.0
2025-04-01,Aguascalientes,Vento,Aguascalientes,Aguascalientes,Aguascalientes,14,2025,1.0
2025-04-01,Baja California,Bajaj,Baja California,Baja California,Baja California,14,2025,3.0
2025-04-01,Baja California,Italika,Baja California,Baja California,Baja California,14,2025,1.0
2025-04-01,Baja California Sur,KTM,Baja California Sur,Baja California Sur,Baja California Sur,14,2025,1.0
2025-04-01,Campeche,Bajaj,Campeche,Campeche,Campeche,14,2025,2.0
2025-04-01,Campeche,Hero,Campeche,Campeche,Campeche,14,2025,1.0
2025-04-01,Campeche,Suzuki,Campeche,Campeche,Campeche,14,2025,1.0
2025-04-01,Campeche,Vento,Campeche,Campeche,Campeche,14,2025,1.0
2025-04-01,Chihuahua,Vento,Chihuahua,Chihuahua,Chihuahua,14,2025,1.0
2025-04-01,Colima,Bajaj,Colima,Colima,Colima,14,2025,5.0
2025-04-01,Colima,CF Moto,Colima,Colima,Colima,14,2025,1.0
2025-04-01,Colima,Vento,Colima,Colima,Colima,14,2025,1.0
2025-04-01,Colima,Yamaha,Colima,Colima,Colima,14,2025,1.0
2025-04-01,Durango,Bajaj,Durango,Durango,Durango,14,2025,3.0
2025-04-01,Durango,CF Moto,Durango,Durango,Durango,14,2025,1.0
2025-04-01,Durango,Italika,Durango,Durango,Durango,14,2025,1.0
2025-04-01,Durango,Vento,Durango,Durango,Durango,14,2025,2.0
2025-04-01,Guanajuato,Bajaj,Guanajuato,Guanajuato,Guanajuato,14,2025,7.0
2025-04-01,Guanajuato,CF Moto,Guanajuato,Guanajuato,Guanajuato,14,2025,4.0
2025-04-01,Guanajuato,CFLITE,Guanajuato,Guanajuato,Guanajuato,14,2025,1.0
2025-04-01,Guanajuato,Honda,Guanajuato,Guanajuato,Guanajuato,14,2025,3.0
2025-04-01,Guanajuato,Italika,Guanajuato,Guanajuato,Guanajuato,14,2025,2.0
2025-04-01,Guanajuato,KTM,Guanajuato,Guanajuato,Guanajuato,14,2025,2.0
2025-04-01,Guanajuato,MB,Guanajuato,Guanajuato,Guanajuato,14,2025,1.0
2025-04-01,Guanajuato,TVS,Guanajuato,Guanajuato,Guanajuato,14,2025,1.0
2025-04-01,Guanajuato,Vento,Guanajuato,Guanajuato,Guanajuato,14,2025,1.0
2025-04-01,Guanajuato,Yamaha,Guanajuato,Guanajuato,Guanajuato,14,2025,1.0
2025-04-01,Guerrero,Bajaj,Guerrero,Guerrero,Guerrero,14,2025,6.0
2025-04-01,Guerrero,Honda,Guerrero,Guerrero,Guerrero,14,2025,1.0
2025-04-01,Guerrero,Vento,Guerrero,Guerrero,Guerrero,14,2025,2.0
2025-04-01,Hidalgo,CF Moto,Hidalgo,Hidalgo,Hidalgo,14,2025,2.0
2025-04-01,Hidalgo,Honda,Hidalgo,Hidalgo,Hidalgo,14,2025,2.0
2025-04-01,Hidalgo,Italika,Hidalgo,Hidalgo,Hidalgo,14,2025,2.0
2025-04-01,Hidalgo,Vento,Hidalgo,Hidalgo,Hidalgo,14,2025,3.0
2025-04-01,Jalisco,Bajaj,Jalisco,Jalisco,Jalisco,14,2025,20.0
2025-04-01,Jalisco,CF Moto,Jalisco,Jalisco,Jalisco,14,2025,7.0
2025-04-01,Jalisco,CFLITE,Jalisco,Jalisco,Jalisco,14,2025,1.0
2025-04-01,Jalisco,Honda,Jalisco,Jalisco,Jalisco,14,2025,6.0
2025-04-01,Jalisco,Italika,Jalisco,Jalisco,Jalisco,14,2025,1.0
2025-04-01,Jalisco,KTM,Jalisco,Jalisco,Jalisco,14,2025,4.0
2025-04-01,Jalisco,Kawasaki,Jalisco,Jalisco,Jalisco,14,2025,1.0
2025-04-01,Jalisco,TVS,Jalisco,Jalisco,Jalisco,14,2025,7.0
2025-04-01,Jalisco,Vento,Jalisco,Jalisco,Jalisco,14,2025,4.0
2025-04-01,Jalisco,Yamaha,Jalisco,Jalisco,Jalisco,14,2025,2.0
2025-04-01,Michoacán,Bajaj,Michoacán de Ocampo,Michoacan,Michoacan,14,2025,7.0
2025-04-01,Michoacán,CF Moto,Michoacán de Ocampo,Michoacan,Michoacan,14,2025,2.0
2025-04-01,Michoacán,Honda,Michoacán de Ocampo,Michoacan,Michoacan,14,2025,1.0
2025-04-01,Michoacán,Italika,Michoacán de Ocampo,Michoacan,Michoacan,14,2025,1.0
2025-04-01,Morelos,Bajaj,Morelos,Morelos,Morelos,14,2025,11.0
2025-04-01,Morelos,CF Moto,Morelos,Morelos,Morelos,14,2025,5.0
2025-04-01,Morelos,CFLITE,Morelos,Morelos,Morelos,14,2025,2.0
2025-04-01,Morelos,Honda,Morelos,Morelos,Morelos,14,2025,1.0
2025-04-01,Morelos,Italika,Morelos,Morelos,Morelos,14,2025,3.0
2025-04-01,Morelos,TVS,Morelos,Morelos,Morelos,14,2025,1.0
2025-04-01,Morelos,Vento,Morelos,Morelos,Morelos,14,2025,2.0
2025-04-01,México,Bajaj,State of Mexico,State of Mexico,Mexico,14,2025,46.0
2025-04-01,México,Benelli,State of Mexico,State of Mexico,Mexico,14,2025,3.0
2025-04-01,México,CF Moto,State of Mexico,State of Mexico,Mexico,14,2025,11.0
2025-04-01,México,CFLITE,State of Mexico,State of Mexico,Mexico,14,2025,5.0
2025-04-01,México,Hero,State of Mexico,State of Mexico,Mexico,14,2025,2.0
2025-04-01,México,Honda,State of Mexico,State of Mexico,Mexico,14,2025,13.0
2025-04-01,México,Italika,State of Mexico,State of Mexico,Mexico,14,2025,20.0
2025-04-01,México,KTM,State of Mexico,State of Mexico,Mexico,14,2025,3.0
2025-04-01,México,Kawasaki,State of Mexico,State of Mexico,Mexico,14,2025,4.0
2025-04-01,México,MB,State of Mexico,State of Mexico,Mexico,14,2025,3.0
2025-04-01,México,Suzuki,State of Mexico,State of Mexico,Mexico,14,2025,6.0
2025-04-01,México,TVS,State of Mexico,State of Mexico,Mexico,14,2025,4.0
2025-04-01,México,Vento,State of Mexico,State of Mexico,Mexico,14,2025,22.0
2025-04-01,México,Yamaha,State of Mexico,State of Mexico,Mexico,14,2025,4.0
2025-04-01,Nayarit,Italika,Nayarit,Nayarit,Nayarit,14,2025,2.0
2025-04-01,Nuevo León,Bajaj,Nuevo León,Nuevo Leon,Nuevo Leon,14,2025,11.0
2025-04-01,Nuevo León,CF Moto,Nuevo León,Nuevo Leon,Nuevo Leon,14,2025,1.0
2025-04-01,Nuevo León,Honda,Nuevo León,Nuevo Leon,Nuevo Leon,14,2025,4.0
2025-04-01,Nuevo León,Italika,Nuevo León,Nuevo Leon,Nuevo Leon,14,2025,4.0
2025-04-01,Nuevo León,Kawasaki,Nuevo León,Nuevo Leon,Nuevo Leon,14,2025,1.0
2025-04-01,Nuevo León,TVS,Nuevo León,Nuevo Leon,Nuevo Leon,14,2025,1.0
2025-04-01,Nuevo León,Vento,Nuevo León,Nuevo Leon,Nuevo Leon,14,2025,6.0
2025-04-01,Nuevo León,Zmoto,Nuevo León,Nuevo Leon,Nuevo Leon,14,2025,1.0
2025-04-01,Oaxaca,Bajaj,Oaxaca,Oaxaca,Oaxaca,14,2025,10.0
2025-04-01,Oaxaca,Benelli,Oaxaca,Oaxaca,Oaxaca,14,2025,3.0
2025-04-01,Oaxaca,CF Moto,Oaxaca,Oaxaca,Oaxaca,14,2025,1.0
2025-04-01,Oaxaca,Honda,Oaxaca,Oaxaca,Oaxaca,14,2025,1.0
2025-04-01,Oaxaca,Italika,Oaxaca,Oaxaca,Oaxaca,14,2025,4.0
2025-04-01,Oaxaca,Vento,Oaxaca,Oaxaca,Oaxaca,14,2025,5.0
2025-04-01,Oaxaca,Yamaha,Oaxaca,Oaxaca,Oaxaca,14,2025,1.0
2025-04-01,Puebla,Bajaj,Puebla,Puebla,Puebla,14,2025,15.0
2025-04-01,Puebla,Benelli,Puebla,Puebla,Puebla,14,2025,1.0
2025-04-01,Puebla,CF Moto,Puebla,Puebla,Puebla,14,2025,1.0
2025-04-01,Puebla,Honda,Puebla,Puebla,Puebla,14,2025,4.0
2025-04-01,Puebla,Italika,Puebla,Puebla,Puebla,14,2025,1.0
2025-04-01,Puebla,KTM,Puebla,Puebla,Puebla,14,2025,1.0
2025-04-01,Puebla,Kawasaki,Puebla,Puebla,Puebla,14,2025,1.0
2025-04-01,Puebla,Suzuki,Puebla,Puebla,Puebla,14,2025,3.0
2025-04-01,Puebla,TVS,Puebla,Puebla,Puebla,14,2025,1.0
2025-04-01,Puebla,Vento,Puebla,Puebla,Puebla,14,2025,6.0
2025-04-01,Puebla,Zmoto,Puebla,Puebla,Puebla,14,2025,3.0
2025-04-01,Querétaro,Bajaj,Querétaro Arteaga,Queretaro,Queretaro,14,2025,1.0
2025-04-01,Querétaro,CF Moto,Querétaro Arteaga,Queretaro,Queretaro,14,2025,3.0
2025-04-01,Querétaro,Hero,Querétaro Arteaga,Queretaro,Queretaro,14,2025,1.0
2025-04-01,Querétaro,Honda,Querétaro Arteaga,Queretaro,Queretaro,14,2025,1.0
2025-04-01,Querétaro,Vento,Querétaro Arteaga,Queretaro,Queretaro,14,2025,2.0
2025-04-01,Quintana Roo,Bajaj,Quintana Roo,Quintana Roo,Quintana Roo,14,2025,9.0
2025-04-01,Quintana Roo,CF Moto,Quintana Roo,Quintana Roo,Quintana Roo,14,2025,4.0
2025-04-01,Quintana Roo,Honda,Quintana Roo,Quintana Roo,Quintana Roo,14,2025,3.0
2025-04-01,Quintana Roo,Italika,Quintana Roo,Quintana Roo,Quintana Roo,14,2025,4.0
2025-04-01,Quintana Roo,Kawasaki,Quintana Roo,Quintana Roo,Quintana Roo,14,2025,1.0
2025-04-01,Quintana Roo,Kymco,Quintana Roo,Quintana Roo,Quintana Roo,14,2025,1.0
2025-04-01,Quintana Roo,TVS,Quintana Roo,Quintana Roo,Quintana Roo,14,2025,1.0
2025-04-01,Quintana Roo,Vento,Quintana Roo,Quintana Roo,Quintana Roo,14,2025,4.0
2025-04-01,Quintana Roo,Yamaha,Quintana Roo,Quintana Roo,Quintana Roo,14,2025,2.0
2025-04-01,San Luis Potosí,Bajaj,San Luis Potosi,San Luis Potosi,San Luis Potosi,14,2025,2.0
2025-04-01,San Luis Potosí,Suzuki,San Luis Potosi,San Luis Potosi,San Luis Potosi,14,2025,1.0
2025-04-01,Sinaloa,CF Moto,Sinaloa,Sinaloa,Sinaloa,14,2025,1.0
2025-04-01,Sinaloa,Vento,Sinaloa,Sinaloa,Sinaloa,14,2025,1.0
2025-04-01,Sonora,Bajaj,Sonora,Sonora,Sonora,14,2025,1.0
2025-04-01,Sonora,CF Moto,Sonora,Sonora,Sonora,14,2025,1.0
2025-04-01,Sonora,Vento,Sonora,Sonora,Sonora,14,2025,1.0
2025-04-01,Tabasco,Bajaj,Tabasco,Tabasco,Tabasco,14,2025,3.0
2025-04-01,Tabasco,Honda,Tabasco,Tabasco,Tabasco,14,2025,1.0
2025-04-01,Tabasco,Suzuki,Tabasco,Tabasco,Tabasco,14,2025,1.0
2025-04-01,Tabasco,Vento,Tabasco,Tabasco,Tabasco,14,2025,1.0
2025-04-01,Tlaxcala,Bajaj,Tlaxcala,Tlaxcala,Tlaxcala,14,2025,2.0
2025-04-01,Tlaxcala,Italika,Tlaxcala,Tlaxcala,Tlaxcala,14,2025,2.0
2025-04-01,Tlaxcala,KTM,Tlaxcala,Tlaxcala,Tlaxcala,14,2025,1.0
2025-04-01,Tlaxcala,Vento,Tlaxcala,Tlaxcala,Tlaxcala,14,2025,2.0
2025-04-01,Veracruz,Bajaj,Veracruz,Veracruz,Veracruz,14,2025,8.0
2025-04-01,Veracruz,Benelli,Veracruz,Veracruz,Veracruz,14,2025,1.0
2025-04-01,Veracruz,CF Moto,Veracruz,Veracruz,Veracruz,14,2025,1.0
2025-04-01,Veracruz,CFLITE,Veracruz,Veracruz,Veracruz,14,2025,1.0
2025-04-01,Veracruz,Hero,Veracruz,Veracruz,Veracruz,14,2025,1.0
2025-04-01,Veracruz,TVS,Veracruz,Veracruz,Veracruz,14,2025,2.0
2025-04-01,Veracruz,Vento,Veracruz,Veracruz,Veracruz,14,2025,4.0
2025-04-01,Veracruz,Yamaha,Veracruz,Veracruz,Veracruz,14,2025,4.0
2025-04-01,Yucatán,Bajaj,Yucatán,Yucatan,Yucatan,14,2025,6.0
2025-04-01,Yucatán,Benelli,Yucatán,Yucatan,Yucatan,14,2025,2.0
2025-04-01,Yucatán,CF Moto,Yucatán,Yucatan,Yucatan,14,2025,3.0
2025-04-01,Yucatán,CFLITE,Yucatán,Yucatan,Yucatan,14,2025,1.0
2025-04-01,Yucatán,Dinamo,Yucatán,Yucatan,Yucatan,14,2025,1.0
2025-04-01,Yucatán,Honda,Yucatán,Yucatan,Yucatan,14,2025,1.0
2025-04-01,Yucatán,Suzuki,Yucatán,Yucatan,Yucatan,14,2025,1.0
2025-04-01,Yucatán,TVS,Yucatán,Yucatan,Yucatan,14,2025,2.0
2025-04-01,Yucatán,Yamaha,Yucatán,Yucatan,Yucatan,14,2025,1.0
2025-04-01,Zacatecas,CF Moto,Zacatecas,Zacatecas,Zacatecas,14,2025,1.0
2025-04-01,Zacatecas,Dinamo,Zacatecas,Zacatecas,Zacatecas,14,2025,1.0
2025-04-02,Aguascalientes,Bajaj,Aguascalientes,Aguascalientes,Aguascalientes,14,2025,4.0
2025-04-02,Baja California Sur,Kawasaki,Baja California Sur,Baja California Sur,Baja California Sur,14,2025,2.0
2025-04-02,Baja California Sur,Suzuki,Baja California Sur,Baja California Sur,Baja California Sur,14,2025,2.0
2025-04-02,Baja California Sur,Vento,Baja California Sur,Baja California Sur,Baja California Sur,14,2025,1.0
2025-04-02,Campeche,Bajaj,Campeche,Campeche,Campeche,14,2025,4.0
2025-04-02,Campeche,CF Moto,Campeche,Campeche,Campeche,14,2025,1.0
2025-04-02,Campeche,Honda,Campeche,Campeche,Campeche,14,2025,1.0
2025-04-02,Campeche,Suzuki,Campeche,Campeche,Campeche,14,2025,1.0
2025-04-02,Campeche,Vento,Campeche,Campeche,Campeche,14,2025,1.0
2025-04-02,Chihuahua,CF Moto,Chihuahua,Chihuahua,Chihuahua,14,2025,1.0
2025-04-02,Colima,Bajaj,Colima,Colima,Colima,14,2025,1.0
2025-04-02,Colima,CFLITE,Colima,Colima,Colima,14,2025,1.0
2025-04-02,Colima,Suzuki,Colima,Colima,Colima,14,2025,1.0
2025-04-02,Durango,Bajaj,Durango,Durango,Durango,14,2025,2.0
2025-04-02,Durango,Italika,Durango,Durango,Durango,14,2025,1.0
2025-04-02,Guanajuato,Bajaj,Guanajuato,Guanajuato,Guanajuato,14,2025,5.0
2025-04-02,Guanajuato,Honda,Guanajuato,Guanajuato,Guanajuato,14,2025,3.0
2025-04-02,Guanajuato,KTM,Guanajuato,Guanajuato,Guanajuato,14,2025,1.0
2025-04-02,Guanajuato,Suzuki,Guanajuato,Guanajuato,Guanajuato,14,2025,1.0
2025-04-02,Guanajuato,Vento,Guanajuato,Guanajuato,Guanajuato,14,2025,1.0
2025-04-02,Guanajuato,Yamaha,Guanajuato,Guanajuato,Guanajuato,14,2025,1.0
2025-04-02,Guanajuato,Zmoto,Guanajuato,Guanajuato,Guanajuato,14,2025,1.0
2025-04-02,Guerrero,Bajaj,Guerrero,Guerrero,Guerrero,14,2025,2.0
2025-04-02,Guerrero,Hero,Guerrero,Guerrero,Guerrero,14,2025,1.0
2025-04-02,Guerrero,Italika,Guerrero,Guerrero,Guerrero,14,2025,1.0
2025-04-02,Guerrero,Suzuki,Guerrero,Guerrero,Guerrero,14,2025,3.0
2025-04-02,Guerrero,Yamaha,Guerrero,Guerrero,Guerrero,14,2025,2.0
2025-04-02,Hidalgo,Bajaj,Hidalgo,Hidalgo,Hidalgo,14,2025,6.0
2025-04-02,Hidalgo,CF Moto,Hidalgo,Hidalgo,Hidalgo,14,2025,3.0
2025-04-02,Hidalgo,CFLITE,Hidalgo,Hidalgo,Hidalgo,14,2025,1.0
2025-04-02,Hidalgo,Honda,Hidalgo,Hidalgo,Hidalgo,14,2025,1.0
2025-04-02,Hidalgo,Vento,Hidalgo,Hidalgo,Hidalgo,14,2025,3.0
2025-04-02,Jalisco,Bajaj,Jalisco,Jalisco,Jalisco,14,2025,31.0
2025-04-02,Jalisco,CF Moto,Jalisco,Jalisco,Jalisco,14,2025,5.0
2025-04-02,Jalisco,CFLITE,Jalisco,Jalisco,Jalisco,14,2025,4.0
2025-04-02,Jalisco,Dinamo,Jalisco,Jalisco,Jalisco,14,2025,1.0
2025-04-02,Jalisco,Honda,Jalisco,Jalisco,Jalisco,14,2025,11.0
2025-04-02,Jalisco,Italika,Jalisco,Jalisco,Jalisco,14,2025,2.0
2025-04-02,Jalisco,Royal Enfield,Jalisco,Jalisco,Jalisco,14,2025,1.0
2025-04-02,Jalisco,Suzuki,Jalisco,Jalisco,Jalisco,14,2025,4.0
2025-04-02,Jalisco,TVS,Jalisco,Jalisco,Jalisco,14,2025,3.0
2025-04-02,Jalisco,Vento,Jalisco,Jalisco,Jalisco,14,2025,7.0
2025-04-02,Jalisco,Yamaha,Jalisco,Jalisco,Jalisco,14,2025,4.0
2025-04-02,Jalisco,Zmoto,Jalisco,Jalisco,Jalisco,14,2025,1.0
2025-04-02,Michoacán,Bajaj,Michoacán de Ocampo,Michoacan,Michoacan,14,2025,6.0
2025-04-02,Michoacán,CF Moto,Michoacán de Ocampo,Michoacan,Michoacan,14,2025,2.0
2025-04-02,Michoacán,Honda,Michoacán de Ocampo,Michoacan,Michoacan,14,2025,1.0
2025-04-02,Michoacán,Suzuki,Michoacán de Ocampo,Michoacan,Michoacan,14,2025,2.0
2025-04-02,Michoacán,Vento,Michoacán de Ocampo,Michoacan,Michoacan,14,2025,1.0
2025-04-02,Morelos,Bajaj,Morelos,Morelos,Morelos,14,2025,12.0
2025-04-02,Morelos,Benelli,Morelos,Morelos,Morelos,14,2025,2.0
2025-04-02,Morelos,CF Moto,Morelos,Morelos,Morelos,14,2025,5.0
2025-04-02,Morelos,CFLITE,Morelos,Morelos,Morelos,14,2025,1.0
2025-04-02,Morelos,Honda,Morelos,Morelos,Morelos,14,2025,1.0
2025-04-02,Morelos,Husqvarna,Morelos,Morelos,Morelos,14,2025,1.0
2025-04-02,Morelos,Italika,Morelos,Morelos,Morelos,14,2025,2.0
2025-04-02,Morelos,KTM,Morelos,Morelos,Morelos,14,2025,1.0
2025-04-02,Morelos,Kawasaki,Morelos,Morelos,Morelos,14,2025,1.0
2025-04-02,Morelos,Suzuki,Morelos,Morelos,Morelos,14,2025,2.0
2025-04-02,Morelos,TVS,Morelos,Morelos,Morelos,14,2025,1.0
2025-04-02,Morelos,Vento,Morelos,Morelos,Morelos,14,2025,2.0
2025-04-02,México,Bajaj,State of Mexico,State of Mexico,Mexico,14,2025,82.0
2025-04-02,México,Benelli,State of Mexico,State of Mexico,Mexico,14,2025,4.0
2025-04-02,México,CF Moto,State of Mexico,State of Mexico,Mexico,14,2025,19.0
2025-04-02,México,CFLITE,State of Mexico,State of Mexico,Mexico,14,2025,5.0
2025-04-02,México,Dinamo,State of Mexico,State of Mexico,Mexico,14,2025,2.0
2025-04-02,México,Hero,State of Mexico,State of Mexico,Mexico,14,2025,2.0
2025-04-02,México,Honda,State of Mexico,State of Mexico,Mexico,14,2025,20.0
2025-04-02,México,Italika,State of Mexico,State of Mexico,Mexico,14,2025,18.0
2025-04-02,México,KTM,State of Mexico,State of Mexico,Mexico,14,2025,8.0
2025-04-02,México,Kawasaki,State of Mexico,State of Mexico,Mexico,14,2025,1.0
2025-04-02,México,MB,State of Mexico,State of Mexico,Mexico,14,2025,1.0
2025-04-02,México,Royal Enfield,State of Mexico,State of Mexico,Mexico,14,2025,1.0
2025-04-02,México,Suzuki,State of Mexico,State of Mexico,Mexico,14,2025,14.0
2025-04-02,México,TVS,State of Mexico,State of Mexico,Mexico,14,2025,1.0
2025-04-02,México,Vento,State of Mexico,State of Mexico,Mexico,14,2025,29.0
2025-04-02,México,Yamaha,State of Mexico,State of Mexico,Mexico,14,2025,8.0
2025-04-02,México,Zmoto,State of Mexico,State of Mexico,Mexico,14,2025,1.0
2025-04-02,Nayarit,CFLITE,Nayarit,Nayarit,Nayarit,14,2025,1.0
2025-04-02,Nayarit,Suzuki,Nayarit,Nayarit,Nayarit,14,2025,2.0
2025-04-02,Nuevo León,Bajaj,Nuevo León,Nuevo Leon,Nuevo Leon,14,2025,12.0
2025-04-02,Nuevo León,Benelli,Nuevo León,Nuevo Leon,Nuevo Leon,14,2025,1.0
2025-04-02,Nuevo León,CF Moto,Nuevo León,Nuevo Leon,Nuevo Leon,14,2025,7.0
2025-04-02,Nuevo León,CFLITE,Nuevo León,Nuevo Leon,Nuevo Leon,14,2025,1.0
2025-04-02,Nuevo León,Honda,Nuevo León,Nuevo Leon,Nuevo Leon,14,2025,3.0
2025-04-02,Nuevo León,Italika,Nuevo León,Nuevo Leon,Nuevo Leon,14,2025,11.0
2025-04-02,Nuevo León,Jiajue,Nuevo León,Nuevo Leon,Nuevo Leon,14,2025,1.0
2025-04-02,Nuevo León,KTM,Nuevo León,Nuevo Leon,Nuevo Leon,14,2025,1.0
2025-04-02,Nuevo León,Suzuki,Nuevo León,Nuevo Leon,Nuevo Leon,14,2025,1.0
2025-04-02,Nuevo León,TVS,Nuevo León,Nuevo Leon,Nuevo Leon,14,2025,3.0
2025-04-02,Nuevo León,Treck,Nuevo León,Nuevo Leon,Nuevo Leon,14,2025,1.0
2025-04-02,Nuevo León,Vento,Nuevo León,Nuevo Leon,Nuevo Leon,14,2025,11.0
2025-04-02,Nuevo León,Yamaha,Nuevo León,Nuevo Leon,Nuevo Leon,14,2025,2.0
2025-04-02,Oaxaca,Bajaj,Oaxaca,Oaxaca,Oaxaca,14,2025,10.0
2025-04-02,Oaxaca,CF Moto,Oaxaca,Oaxaca,Oaxaca,14,2025,5.0
2025-04-02,Oaxaca,CFLITE,Oaxaca,Oaxaca,Oaxaca,14,2025,2.0
2025-04-02,Oaxaca,Hero,Oaxaca,Oaxaca,Oaxaca,14,2025,1.0
2025-04-02,Oaxaca,Honda,Oaxaca,Oaxaca,Oaxaca,14,2025,2.0
2025-04-02,Oaxaca,Husqvarna,Oaxaca,Oaxaca,Oaxaca,14,2025,1.0
2025-04-02,Oaxaca,Italika,Oaxaca,Oaxaca,Oaxaca,14,2025,2.0
2025-04-02,Oaxaca,MB,Oaxaca,Oaxaca,Oaxaca,14,2025,1.0
2025-04-02,Oaxaca,Suzuki,Oaxaca,Oaxaca,Oaxaca,14,2025,5.0
2025-04-02,Oaxaca,Vento,Oaxaca,Oaxaca,Oaxaca,14,2025,4.0
2025-04-02,Oaxaca,Yamaha,Oaxaca,Oaxaca,Oaxaca,14,2025,2.0
2025-04-02,Puebla,Bajaj,Puebla,Puebla,Puebla,14,2025,13.0
2025-04-02,Puebla,CF Moto,Puebla,Puebla,Puebla,14,2025,7.0
2025-04-02,Puebla,CFLITE,Puebla,Puebla,Puebla,14,2025,1.0
2025-04-02,Puebla,Dinamo,Puebla,Puebla,Puebla,14,2025,1.0
2025-04-02,Puebla,Honda,Puebla,Puebla,Puebla,14,2025,3.0
2025-04-02,Puebla,Italika,Puebla,Puebla,Puebla,14,2025,6.0
2025-04-02,Puebla,KTM,Puebla,Puebla,Puebla,14,2025,1.0
2025-04-02,Puebla,Kawasaki,Puebla,Puebla,Puebla,14,2025,2.0
2025-04-02,Puebla,MB,Puebla,Puebla,Puebla,14,2025,1.0
2025-04-02,Puebla,Suzuki,Puebla,Puebla,Puebla,14,2025,3.0
2025-04-02,Puebla,TVS,Puebla,Puebla,Puebla,14,2025,2.0
2025-04-02,Puebla,Vento,Puebla,Puebla,Puebla,14,2025,4.0
2025-04-02,Puebla,Yamaha,Puebla,Puebla,Puebla,14,2025,5.0
2025-04-02,Querétaro,Bajaj,Querétaro Arteaga,Queretaro,Queretaro,14,2025,4.0
2025-04-02,Querétaro,CF Moto,Querétaro Arteaga,Queretaro,Queretaro,14,2025,1.0
2025-04-02,Querétaro,CFLITE,Querétaro Arteaga,Queretaro,Queretaro,14,2025,2.0
2025-04-02,Querétaro,Honda,Querétaro Arteaga,Queretaro,Queretaro,14,2025,1.0
2025-04-02,Querétaro,Italika,Querétaro Arteaga,Queretaro,Queretaro,14,2025,1.0
2025-04-02,Quintana Roo,Bajaj,Quintana Roo,Quintana Roo,Quintana Roo,14,2025,19.0
2025-04-02,Quintana Roo,CF Moto,Quintana Roo,Quintana Roo,Quintana Roo,14,2025,2.0
2025-04-02,Quintana Roo,CFLITE,Quintana Roo,Quintana Roo,Quintana Roo,14,2025,1.0
2025-04-02,Quintana Roo,Hero,Quintana Roo,Quintana Roo,Quintana Roo,14,2025,1.0
2025-04-02,Quintana Roo,Honda,Quintana Roo,Quintana Roo,Quintana Roo,14,2025,2.0
2025-04-02,Quintana Roo,Italika,Quintana Roo,Quintana Roo,Quintana Roo,14,2025,2.0
2025-04-02,Quintana Roo,Suzuki,Quintana Roo,Quintana Roo,Quintana Roo,14,2025,3.0
2025-04-02,Quintana Roo,TVS,Quintana Roo,Quintana Roo,Quintana Roo,14,2025,2.0
2025-04-02,Quintana Roo,Vento,Quintana Roo,Quintana Roo,Quintana Roo,14,2025,3.0
2025-04-02,Quintana Roo,Yamaha,Quintana Roo,Quintana Roo,Quintana Roo,14,2025,3.0
2025-04-02,San Luis Potosí,Bajaj,San Luis Potosi,San Luis Potosi,San Luis Potosi,14,2025,6.0
2025-04-02,San Luis Potosí,CF Moto,San Luis Potosi,San Luis Potosi,San Luis Potosi,14,2025,1.0
2025-04-02,San Luis Potosí,Hero,San Luis Potosi,San Luis Potosi,San Luis Potosi,14,2025,1.0
2025-04-02,San Luis Potosí,Honda,San Luis Potosi,San Luis Potosi,San Luis Potosi,14,2025,2.0
2025-04-02,San Luis Potosí,Italika,San Luis Potosi,San Luis Potosi,San Luis Potosi,14,2025,1.0
2025-04-02,San Luis Potosí,Suzuki,San Luis Potosi,San Luis Potosi,San Luis Potosi,14,2025,1.0
2025-04-02,Sinaloa,Bajaj,Sinaloa,Sinaloa,Sinaloa,14,2025,5.0
2025-04-02,Sinaloa,CFLITE,Sinaloa,Sinaloa,Sinaloa,14,2025,1.0
2025-04-02,Sonora,Bajaj,Sonora,Sonora,Sonora,14,2025,1.0
2025-04-02,Tabasco,Bajaj,Tabasco,Tabasco,Tabasco,14,2025,8.0
2025-04-02,Tabasco,CF Moto,Tabasco,Tabasco,Tabasco,14,2025,1.0
2025-04-02,Tabasco,Honda,Tabasco,Tabasco,Tabasco,14,2025,1.0
2025-04-02,Tabasco,Italika,Tabasco,Tabasco,Tabasco,14,2025,1.0
2025-04-02,Tabasco,Vento,Tabasco,Tabasco,Tabasco,14,2025,1.0
2025-04-02,Tabasco,Yamaha,Tabasco,Tabasco,Tabasco,14,2025,1.0
2025-04-02,Tamaulipas,CF Moto,Tamaulipas,Tamaulipas,Tamaulipas,14,2025,1.0
2025-04-02,Tamaulipas,CFLITE,Tamaulipas,Tamaulipas,Tamaulipas,14,2025,1.0
2025-04-02,Tlaxcala,Bajaj,Tlaxcala,Tlaxcala,Tlaxcala,14,2025,2.0
2025-04-02,Tlaxcala,CF Moto,Tlaxcala,Tlaxcala,Tlaxcala,14,2025,3.0
2025-04-02,Tlaxcala,Vento,Tlaxcala,Tlaxcala,Tlaxcala,14,2025,2.0
2025-04-02,Tlaxcala,Yamaha,Tlaxcala,Tlaxcala,Tlaxcala,14,2025,2.0
2025-04-02,Veracruz,Bajaj,Veracruz,Veracruz,Veracruz,14,2025,9.0
2025-04-02,Veracruz,CF Moto,Veracruz,Veracruz,Veracruz,14,2025,2.0
2025-04-02,Veracruz,Honda,Veracruz,Veracruz,Veracruz,14,2025,1.0
2025-04-02,Veracruz,Italika,Veracruz,Veracruz,Veracruz,14,2025,1.0
2025-04-02,Veracruz,Vento,Veracruz,Veracruz,Veracruz,14,2025,1.0
2025-04-02,Veracruz,Yamaha,Veracruz,Veracruz,Veracruz,14,2025,1.0
2025-04-02,Veracruz,Zmoto,Veracruz,Veracruz,Veracruz,14,2025,2.0
2025-04-02,Yucatán,Bajaj,Yucatán,Yucatan,Yucatan,14,2025,12.0
2025-04-02,Yucatán,CF Moto,Yucatán,Yucatan,Yucatan,14,2025,4.0
2025-04-02,Yucatán,CFLITE,Yucatán,Yucatan,Yucatan,14,2025,3.0
2025-04-02,Yucatán,Dinamo,Yucatán,Yucatan,Yucatan,14,2025,1.0
2025-04-02,Yucatán,Italika,Yucatán,Yucatan,Yucatan,14,2025,3.0
2025-04-02,Yucatán,Kawasaki,Yucatán,Yucatan,Yucatan,14,2025,1.0
2025-04-02,Yucatán,MB,Yucatán,Yucatan,Yucatan,14,2025,2.0
2025-04-02,Yucatán,Suzuki,Yucatán,Yucatan,Yucatan,14,2025,4.0
2025-04-02,Yucatán,TVS,Yucatán,Yucatan,Yucatan,14,2025,1.0
2025-04-02,Yucatán,Vento,Yucatán,Yucatan,Yucatan,14,2025,3.0
2025-04-03,Aguascalientes,Honda,Aguascalientes,Aguascalientes,Aguascalientes,14,2025,1.0
2025-04-03,Aguascalientes,Vento,Aguascalientes,Aguascalientes,Aguascalientes,14,2025,1.0
2025-04-03,Baja California,Italika,Baja California,Baja California,Baja California,14,2025,1.0
2025-04-03,Campeche,Bajaj,Campeche,Campeche,Campeche,14,2025,1.0
2025-04-03,Campeche,Italika,Campeche,Campeche,Campeche,14,2025,2.0
2025-04-03,Campeche,TVS,Campeche,Campeche,Campeche,14,2025,1.0
2025-04-03,Campeche,Yamaha,Campeche,Campeche,Campeche,14,2025,1.0
2025-04-03,Chihuahua,CF Moto,Chihuahua,Chihuahua,Chihuahua,14,2025,1.0
2025-04-03,Chihuahua,CFLITE,Chihuahua,Chihuahua,Chihuahua,14,2025,1.0
2025-04-03,Chihuahua,Yamaha,Chihuahua,Chihuahua,Chihuahua,14,2025,1.0
2025-04-03,Colima,Bajaj,Colima,Colima,Colima,14,2025,3.0
2025-04-03,Colima,CFLITE,Colima,Colima,Colima,14,2025,1.0
2025-04-03,Colima,Honda,Colima,Colima,Colima,14,2025,1.0
2025-04-03,Colima,Suzuki,Colima,Colima,Colima,14,2025,1.0
2025-04-03,Durango,Vento,Durango,Durango,Durango,14,2025,1.0
2025-04-03,Guanajuato,Bajaj,Guanajuato,Guanajuato,Guanajuato,14,2025,10.0
2025-04-03,Guanajuato,CF Moto,Guanajuato,Guanajuato,Guanajuato,14,2025,6.0
2025-04-03,Guanajuato,CFLITE,Guanajuato,Guanajuato,Guanajuato,14,2025,1.0
2025-04-03,Guanajuato,Honda,Guanajuato,Guanajuato,Guanajuato,14,2025,2.0
2025-04-03,Guanajuato,Italika,Guanajuato,Guanajuato,Guanajuato,14,2025,1.0
2025-04-03,Guanajuato,Suzuki,Guanajuato,Guanajuato,Guanajuato,14,2025,2.0
2025-04-03,Guanajuato,Treck,Guanajuato,Guanajuato,Guanajuato,14,2025,1.0
2025-04-03,Guanajuato,Vento,Guanajuato,Guanajuato,Guanajuato,14,2025,2.0
2025-04-03,Guanajuato,Yamaha,Guanajuato,Guanajuato,Guanajuato,14,2025,1.0
2025-04-03,Guerrero,Bajaj,Guerrero,Guerrero,Guerrero,14,2025,5.0
2025-04-03,Guerrero,Benelli,Guerrero,Guerrero,Guerrero,14,2025,1.0
2025-04-03,Guerrero,CF Moto,Guerrero,Guerrero,Guerrero,14,2025,3.0
2025-04-03,Guerrero,CFLITE,Guerrero,Guerrero,Guerrero,14,2025,1.0
2025-04-03,Guerrero,Honda,Guerrero,Guerrero,Guerrero,14,2025,2.0
2025-04-03,Guerrero,Italika,Guerrero,Guerrero,Guerrero,14,2025,3.0
2025-04-03,Guerrero,Vento,Guerrero,Guerrero,Guerrero,14,2025,1.0
2025-04-03,Guerrero,Yamaha,Guerrero,Guerrero,Guerrero,14,2025,1.0
2025-04-03,Hidalgo,Bajaj,Hidalgo,Hidalgo,Hidalgo,14,2025,6.0
2025-04-03,Hidalgo,CF Moto,Hidalgo,Hidalgo,Hidalgo,14,2025,2.0
2025-04-03,Hidalgo,KTM,Hidalgo,Hidalgo,Hidalgo,14,2025,1.0
2025-04-03,Hidalgo,TVS,Hidalgo,Hidalgo,Hidalgo,14,2025,1.0
2025-04-03,Hidalgo,Zmoto,Hidalgo,Hidalgo,Hidalgo,14,2025,1.0
2025-04-03,Jalisco,Bajaj,Jalisco,Jalisco,Jalisco,14,2025,36.0
2025-04-03,Jalisco,Benelli,Jalisco,Jalisco,Jalisco,14,2025,1.0
2025-04-03,Jalisco,CF Moto,Jalisco,Jalisco,Jalisco,14,2025,7.0
2025-04-03,Jalisco,Honda,Jalisco,Jalisco,Jalisco,14,2025,7.0
2025-04-03,Jalisco,Italika,Jalisco,Jalisco,Jalisco,14,2025,4.0
2025-04-03,Jalisco,KTM,Jalisco,Jalisco,Jalisco,14,2025,1.0
2025-04-03,Jalisco,MB,Jalisco,Jalisco,Jalisco,14,2025,1.0
2025-04-03,Jalisco,Suzuki,Jalisco,Jalisco,Jalisco,14,2025,3.0
2025-04-03,Jalisco,TVS,Jalisco,Jalisco,Jalisco,14,2025,2.0
2025-04-03,Jalisco,Vento,Jalisco,Jalisco,Jalisco,14,2025,5.0
2025-04-03,Jalisco,Yamaha,Jalisco,Jalisco,Jalisco,14,2025,1.0
2025-04-03,Jalisco,Zmoto,Jalisco,Jalisco,Jalisco,14,2025,1.0
2025-04-03,Michoacán,Bajaj,Michoacán de Ocampo,Michoacan,Michoacan,14,2025,3.0
2025-04-03,Michoacán,CF Moto,Michoacán de Ocampo,Michoacan,Michoacan,14,2025,1.0
2025-04-03,Michoacán,CFLITE,Michoacán de Ocampo,Michoacan,Michoacan,14,2025,1.0
2025-04-03,Michoacán,Suzuki,Michoacán de Ocampo,Michoacan,Michoacan,14,2025,1.0
2025-04-03,Morelos,Bajaj,Morelos,Morelos,Morelos,14,2025,3.0
2025-04-03,Morelos,CF Moto,Morelos,Morelos,Morelos,14,2025,1.0
2025-04-03,Morelos,Dinamo,Morelos,Morelos,Morelos,14,2025,1.0
2025-04-03,Morelos,Honda,Morelos,Morelos,Morelos,14,2025,1.0
2025-04-03,Morelos,Italika,Morelos,Morelos,Morelos,14,2025,1.0
2025-04-03,Morelos,Suzuki,Morelos,Morelos,Morelos,14,2025,1.0
2025-04-03,Morelos,Vento,Morelos,Morelos,Morelos,14,2025,2.0
2025-04-03,Morelos,Yamaha,Morelos,Morelos,Morelos,14,2025,3.0
2025-04-03,México,Bajaj,State of Mexico,State of Mexico,Mexico,14,2025,76.0
2025-04-03,México,Benelli,State of Mexico,State of Mexico,Mexico,14,2025,3.0
2025-04-03,México,CF Moto,State of Mexico,State of Mexico,Mexico,14,2025,19.0
2025-04-03,México,CFLITE,State of Mexico,State of Mexico,Mexico,14,2025,8.0
2025-04-03,México,Dinamo,State of Mexico,State of Mexico,Mexico,14,2025,2.0
2025-04-03,México,Hero,State of Mexico,State of Mexico,Mexico,14,2025,2.0
2025-04-03,México,Honda,State of Mexico,State of Mexico,Mexico,14,2025,11.0
2025-04-03,México,Husqvarna,State of Mexico,State of Mexico,Mexico,14,2025,1.0
2025-04-03,México,Italika,State of Mexico,State of Mexico,Mexico,14,2025,10.0
2025-04-03,México,KTM,State of Mexico,State of Mexico,Mexico,14,2025,8.0
2025-04-03,México,Kawasaki,State of Mexico,State of Mexico,Mexico,14,2025,4.0
2025-04-03,México,MB,State of Mexico,State of Mexico,Mexico,14,2025,1.0
2025-04-03,México,Suzuki,State of Mexico,State of Mexico,Mexico,14,2025,8.0
2025-04-03,México,TVS,State of Mexico,State of Mexico,Mexico,14,2025,7.0
2025-04-03,México,Vento,State of Mexico,State of Mexico,Mexico,14,2025,22.0
2025-04-03,México,Yamaha,State of Mexico,State of Mexico,Mexico,14,2025,5.0
2025-04-03,Nayarit,Bajaj,Nayarit,Nayarit,Nayarit,14,2025,2.0
2025-04-03,Nayarit,Vento,Nayarit,Nayarit,Nayarit,14,2025,1.0
2025-04-03,Nuevo León,Bajaj,Nuevo León,Nuevo Leon,Nuevo Leon,14,2025,13.0
2025-04-03,Nuevo León,CF Moto,Nuevo León,Nuevo Leon,Nuevo Leon,14,2025,2.0
2025-04-03,Nuevo León,CFLITE,Nuevo León,Nuevo Leon,Nuevo Leon,14,2025,4.0
2025-04-03,Nuevo León,Honda,Nuevo León,Nuevo Leon,Nuevo Leon,14,2025,2.0
2025-04-03,Nuevo León,Italika,Nuevo León,Nuevo Leon,Nuevo Leon,14,2025,3.0
2025-04-03,Nuevo León,KTM,Nuevo León,Nuevo Leon,Nuevo Leon,14,2025,2.0
2025-04-03,Nuevo León,Kawasaki,Nuevo León,Nuevo Leon,Nuevo Leon,14,2025,1.0
2025-04-03,Nuevo León,MB,Nuevo León,Nuevo Leon,Nuevo Leon,14,2025,2.0
2025-04-03,Nuevo León,Suzuki,Nuevo León,Nuevo Leon,Nuevo Leon,14,2025,1.0
2025-04-03,Nuevo León,TVS,Nuevo León,Nuevo Leon,Nuevo Leon,14,2025,1.0
2025-04-03,Nuevo León,Vento,Nuevo León,Nuevo Leon,Nuevo Leon,14,2025,5.0
2025-04-03,Nuevo León,Yamaha,Nuevo León,Nuevo Leon,Nuevo Leon,14,2025,1.0
2025-04-03,Nuevo León,Zmoto,Nuevo León,Nuevo Leon,Nuevo Leon,14,2025,1.0
2025-04-03,Oaxaca,Bajaj,Oaxaca,Oaxaca,Oaxaca,14,2025,15.0
2025-04-03,Oaxaca,Benelli,Oaxaca,Oaxaca,Oaxaca,14,2025,2.0
2025-04-03,Oaxaca,CF Moto,Oaxaca,Oaxaca,Oaxaca,14,2025,4.0
2025-04-03,Oaxaca,Honda,Oaxaca,Oaxaca,Oaxaca,14,2025,2.0
2025-04-03,Oaxaca,Husqvarna,Oaxaca,Oaxaca,Oaxaca,14,2025,1.0
2025-04-03,Oaxaca,Italika,Oaxaca,Oaxaca,Oaxaca,14,2025,1.0
2025-04-03,Oaxaca,MB,Oaxaca,Oaxaca,Oaxaca,14,2025,2.0
2025-04-03,Oaxaca,Suzuki,Oaxaca,Oaxaca,Oaxaca,14,2025,2.0
2025-04-03,Oaxaca,Vento,Oaxaca,Oaxaca,Oaxaca,14,2025,2.0
2025-04-03,Oaxaca,Yamaha,Oaxaca,Oaxaca,Oaxaca,14,2025,1.0
2025-04-03,Puebla,Bajaj,Puebla,Puebla,Puebla,14,2025,20.0
2025-04-03,Puebla,Benelli,Puebla,Puebla,Puebla,14,2025,1.0
2025-04-03,Puebla,CF Moto,Puebla,Puebla,Puebla,14,2025,5.0
2025-04-03,Puebla,Hero,Puebla,Puebla,Puebla,14,2025,1.0
2025-04-03,Puebla,Honda,Puebla,Puebla,Puebla,14,2025,1.0
2025-04-03,Puebla,Italika,Puebla,Puebla,Puebla,14,2025,2.0
2025-04-03,Puebla,Suzuki,Puebla,Puebla,Puebla,14,2025,3.0
2025-04-03,Puebla,Vento,Puebla,Puebla,Puebla,14,2025,3.0
2025-04-03,Puebla,Yamaha,Puebla,Puebla,Puebla,14,2025,2.0
2025-04-03,Puebla,Zmoto,Puebla,Puebla,Puebla,14,2025,1.0
2025-04-03,Querétaro,Bajaj,Querétaro Arteaga,Queretaro,Queretaro,14,2025,1.0
2025-04-03,Querétaro,Italika,Querétaro Arteaga,Queretaro,Queretaro,14,2025,1.0
2025-04-03,Querétaro,TVS,Querétaro Arteaga,Queretaro,Queretaro,14,2025,1.0
2025-04-03,Querétaro,Vento,Querétaro Arteaga,Queretaro,Queretaro,14,2025,1.0
2025-04-03,Quintana Roo,Bajaj,Quintana Roo,Quintana Roo,Quintana Roo,14,2025,15.0
2025-04-03,Quintana Roo,Benelli,Quintana Roo,Quintana Roo,Quintana Roo,14,2025,1.0
2025-04-03,Quintana Roo,CF Moto,Quintana Roo,Quintana Roo,Quintana Roo,14,2025,3.0
2025-04-03,Quintana Roo,Honda,Quintana Roo,Quintana Roo,Quintana Roo,14,2025,1.0
2025-04-03,Quintana Roo,Italika,Quintana Roo,Quintana Roo,Quintana Roo,14,2025,2.0
2025-04-03,Quintana Roo,Suzuki,Quintana Roo,Quintana Roo,Quintana Roo,14,2025,1.0
2025-04-03,Quintana Roo,TVS,Quintana Roo,Quintana Roo,Quintana Roo,14,2025,1.0
2025-04-03,Quintana Roo,Vento,Quintana Roo,Quintana Roo,Quintana Roo,14,2025,1.0
2025-04-03,Quintana Roo,Yamaha,Quintana Roo,Quintana Roo,Quintana Roo,14,2025,2.0
2025-04-03,San Luis Potosí,Bajaj,San Luis Potosi,San Luis Potosi,San Luis Potosi,14,2025,1.0
2025-04-03,Tabasco,Bajaj,Tabasco,Tabasco,Tabasco,14,2025,8.0
2025-04-03,Tabasco,Italika,Tabasco,Tabasco,Tabasco,14,2025,1.0
2025-04-03,Tamaulipas,KTM,Tamaulipas,Tamaulipas,Tamaulipas,14,2025,1.0
2025-04-03,Tamaulipas,Yamaha,Tamaulipas,Tamaulipas,Tamaulipas,14,2025,1.0
2025-04-03,Tlaxcala,Bajaj,Tlaxcala,Tlaxcala,Tlaxcala,14,2025,3.0
2025-04-03,Tlaxcala,CFLITE,Tlaxcala,Tlaxcala,Tlaxcala,14,2025,1.0
2025-04-03,Tlaxcala,Honda,Tlaxcala,Tlaxcala,Tlaxcala,14,2025,1.0
2025-04-03,Tlaxcala,Italika,Tlaxcala,Tlaxcala,Tlaxcala,14,2025,2.0
2025-04-03,Tlaxcala,Suzuki,Tlaxcala,Tlaxcala,Tlaxcala,14,2025,2.0
2025-04-03,Tlaxcala,TVS,Tlaxcala,Tlaxcala,Tlaxcala,14,2025,3.0
2025-04-03,Tlaxcala,Vento,Tlaxcala,Tlaxcala,Tlaxcala,14,2025,3.0
2025-04-03,Veracruz,Bajaj,Veracruz,Veracruz,Veracruz,14,2025,6.0
2025-04-03,Veracruz,CF Moto,Veracruz,Veracruz,Veracruz,14,2025,4.0
2025-04-03,Veracruz,Dinamo,Veracruz,Veracruz,Veracruz,14,2025,1.0
2025-04-03,Veracruz,Italika,Veracruz,Veracruz,Veracruz,14,2025,3.0
2025-04-03,Veracruz,KTM,Veracruz,Veracruz,Veracruz,14,2025,1.0
2025-04-03,Veracruz,Suzuki,Veracruz,Veracruz,Veracruz,14,2025,4.0
2025-04-03,Veracruz,Vento,Veracruz,Veracruz,Veracruz,14,2025,5.0
2025-04-03,Veracruz,Yamaha,Veracruz,Veracruz,Veracruz,14,2025,3.0
2025-04-03,Yucatán,Bajaj,Yucatán,Yucatan,Yucatan,14,2025,8.0
2025-04-03,Yucatán,CF Moto,Yucatán,Yucatan,Yucatan,14,2025,1.0
2025-04-03,Yucatán,CFLITE,Yucatán,Yucatan,Yucatan,14,2025,2.0
2025-04-03,Yucatán,Italika,Yucatán,Yucatan,Yucatan,14,2025,1.0
2025-04-03,Yucatán,Kawasaki,Yucatán,Yucatan,Yucatan,14,2025,1.0
2025-04-03,Yucatán,Suzuki,Yucatán,Yucatan,Yucatan,14,2025,4.0
2025-04-03,Yucatán,TVS,Yucatán,Yucatan,Yucatan,14,2025,2.0
2025-04-03,Yucatán,Vento,Yucatán,Yucatan,Yucatan,14,2025,1.0
2025-04-04,Aguascalientes,Bajaj,Aguascalientes,Aguascalientes,Aguascalientes,14,2025,1.0
2025-04-04,Aguascalientes,CF Moto,Aguascalientes,Aguascalientes,Aguascalientes,14,2025,1.0
2025-04-04,Aguascalientes,Italika,Aguascalientes,Aguascalientes,Aguascalientes,14,2025,1.0
2025-04-04,Aguascalientes,Yamaha,Aguascalientes,Aguascalientes,Aguascalientes,14,2025,1.0
2025-04-04,Baja California,Benelli,Baja California,Baja California,Baja California,14,2025,1.0
2025-04-04,Baja California Sur,Kawasaki,Baja California Sur,Baja California Sur,Baja California Sur,14,2025,1.0
2025-04-04,Campeche,Bajaj,Campeche,Campeche,Campeche,14,2025,1.0
2025-04-04,Campeche,CF Moto,Campeche,Campeche,Campeche,14,2025,1.0
2025-04-04,Chihuahua,CF Moto,Chihuahua,Chihuahua,Chihuahua,14,2025,2.0
2025-04-04,Chihuahua,CFLITE,Chihuahua,Chihuahua,Chihuahua,14,2025,1.0
2025-04-04,Colima,Bajaj,Colima,Colima,Colima,14,2025,1.0
2025-04-04,Colima,CFLITE,Colima,Colima,Colima,14,2025,1.0
2025-04-04,Colima,Suzuki,Colima,Colima,Colima,14,2025,1.0
2025-04-04,Durango,CF Moto,Durango,Durango,Durango,14,2025,1.0
2025-04-04,Guanajuato,Bajaj,Guanajuato,Guanajuato,Guanajuato,14,2025,13.0
2025-04-04,Guanajuato,Benelli,Guanajuato,Guanajuato,Guanajuato,14,2025,1.0
2025-04-04,Guanajuato,CF Moto,Guanajuato,Guanajuato,Guanajuato,14,2025,1.0
2025-04-04,Guanajuato,Honda,Guanajuato,Guanajuato,Guanajuato,14,2025,2.0
2025-04-04,Guanajuato,Suzuki,Guanajuato,Guanajuato,Guanajuato,14,2025,2.0
2025-04-04,Guanajuato,TVS,Guanajuato,Guanajuato,Guanajuato,14,2025,1.0
2025-04-04,Guanajuato,Vento,Guanajuato,Guanajuato,Guanajuato,14,2025,2.0
2025-04-04,Guanajuato,Yamaha,Guanajuato,Guanajuato,Guanajuato,14,2025,1.0
2025-04-04,Guerrero,Bajaj,Guerrero,Guerrero,Guerrero,14,2025,4.0
2025-04-04,Guerrero,CF Moto,Guerrero,Guerrero,Guerrero,14,2025,1.0
2025-04-04,Guerrero,Honda,Guerrero,Guerrero,Guerrero,14,2025,1.0
2025-04-04,Guerrero,Kawasaki,Guerrero,Guerrero,Guerrero,14,2025,1.0
2025-04-04,Guerrero,Vento,Guerrero,Guerrero,Guerrero,14,2025,1.0
2025-04-04,Hidalgo,Bajaj,Hidalgo,Hidalgo,Hidalgo,14,2025,2.0
2025-04-04,Hidalgo,Benelli,Hidalgo,Hidalgo,Hidalgo,14,2025,1.0
2025-04-04,Hidalgo,CF Moto,Hidalgo,Hidalgo,Hidalgo,14,2025,3.0
2025-04-04,Hidalgo,CFLITE,Hidalgo,Hidalgo,Hidalgo,14,2025,1.0
2025-04-04,Hidalgo,Italika,Hidalgo,Hidalgo,Hidalgo,14,2025,1.0
2025-04-04,Hidalgo,KTM,Hidalgo,Hidalgo,Hidalgo,14,2025,1.0
2025-04-04,Hidalgo,TVS,Hidalgo,Hidalgo,Hidalgo,14,2025,1.0
2025-04-04,Jalisco,Bajaj,Jalisco,Jalisco,Jalisco,14,2025,30.0
2025-04-04,Jalisco,Benelli,Jalisco,Jalisco,Jalisco,14,2025,2.0
2025-04-04,Jalisco,CF Moto,Jalisco,Jalisco,Jalisco,14,2025,6.0
2025-04-04,Jalisco,CFLITE,Jalisco,Jalisco,Jalisco,14,2025,3.0
2025-04-04,Jalisco,Hero,Jalisco,Jalisco,Jalisco,14,2025,1.0
2025-04-04,Jalisco,Honda,Jalisco,Jalisco,Jalisco,14,2025,7.0
2025-04-04,Jalisco,Italika,Jalisco,Jalisco,Jalisco,14,2025,1.0
2025-04-04,Jalisco,KTM,Jalisco,Jalisco,Jalisco,14,2025,3.0
2025-04-04,Jalisco,Kawasaki,Jalisco,Jalisco,Jalisco,14,2025,3.0
2025-04-04,Jalisco,MB,Jalisco,Jalisco,Jalisco,14,2025,1.0
2025-04-04,Jalisco,Suzuki,Jalisco,Jalisco,Jalisco,14,2025,4.0
2025-04-04,Jalisco,Vento,Jalisco,Jalisco,Jalisco,14,2025,7.0
2025-04-04,Jalisco,Yamaha,Jalisco,Jalisco,Jalisco,14,2025,6.0
2025-04-04,Michoacán,Bajaj,Michoacán de Ocampo,Michoacan,Michoacan,14,2025,7.0
2025-04-04,Michoacán,Honda,Michoacán de Ocampo,Michoacan,Michoacan,14,2025,1.0
2025-04-04,Michoacán,Italika,Michoacán de Ocampo,Michoacan,Michoacan,14,2025,1.0
2025-04-04,Michoacán,KTM,Michoacán de Ocampo,Michoacan,Michoacan,14,2025,1.0
2025-04-04,Michoacán,Kawasaki,Michoacán de Ocampo,Michoacan,Michoacan,14,2025,1.0
2025-04-04,Michoacán,MB,Michoacán de Ocampo,Michoacan,Michoacan,14,2025,1.0
2025-04-04,Michoacán,TVS,Michoacán de Ocampo,Michoacan,Michoacan,14,2025,1.0
2025-04-04,Michoacán,Vento,Michoacán de Ocampo,Michoacan,Michoacan,14,2025,3.0
2025-04-04,Michoacán,Yamaha,Michoacán de Ocampo,Michoacan,Michoacan,14,2025,1.0
2025-04-04,Morelos,Bajaj,Morelos,Morelos,Morelos,14,2025,13.0
2025-04-04,Morelos,CF Moto,Morelos,Morelos,Morelos,14,2025,3.0
2025-04-04,Morelos,Italika,Morelos,Morelos,Morelos,14,2025,1.0
2025-04-04,Morelos,KTM,Morelos,Morelos,Morelos,14,2025,2.0
2025-04-04,Morelos,Royal Enfield,Morelos,Morelos,Morelos,14,2025,1.0
2025-04-04,Morelos,Suzuki,Morelos,Morelos,Morelos,14,2025,1.0
2025-04-04,Morelos,Vento,Morelos,Morelos,Morelos,14,2025,1.0
2025-04-04,Morelos,Yamaha,Morelos,Morelos,Morelos,14,2025,1.0
2025-04-04,México,Bajaj,State of Mexico,State of Mexico,Mexico,14,2025,73.0
2025-04-04,México,Benelli,State of Mexico,State of Mexico,Mexico,14,2025,3.0
2025-04-04,México,CF Moto,State of Mexico,State of Mexico,Mexico,14,2025,15.0
2025-04-04,México,CFLITE,State of Mexico,State of Mexico,Mexico,14,2025,2.0
2025-04-04,México,Hero,State of Mexico,State of Mexico,Mexico,14,2025,3.0
2025-04-04,México,Honda,State of Mexico,State of Mexico,Mexico,14,2025,20.0
2025-04-04,México,Italika,State of Mexico,State of Mexico,Mexico,14,2025,18.0
2025-04-04,México,KTM,State of Mexico,State of Mexico,Mexico,14,2025,1.0
2025-04-04,México,Kawasaki,State of Mexico,State of Mexico,Mexico,14,2025,4.0
2025-04-04,México,MB,State of Mexico,State of Mexico,Mexico,14,2025,1.0
2025-04-04,México,Suzuki,State of Mexico,State of Mexico,Mexico,14,2025,10.0
2025-04-04,México,TVS,State of Mexico,State of Mexico,Mexico,14,2025,4.0
2025-04-04,México,Vento,State of Mexico,State of Mexico,Mexico,14,2025,31.0
2025-04-04,México,Yamaha,State of Mexico,State of Mexico,Mexico,14,2025,3.0
2025-04-04,México,Zmoto,State of Mexico,State of Mexico,Mexico,14,2025,3.0
2025-04-04,Nayarit,Bajaj,Nayarit,Nayarit,Nayarit,14,2025,2.0
2025-04-04,Nayarit,Suzuki,Nayarit,Nayarit,Nayarit,14,2025,1.0
2025-04-04,Nuevo León,Bajaj,Nuevo León,Nuevo Leon,Nuevo Leon,14,2025,16.0
2025-04-04,Nuevo León,Benelli,Nuevo León,Nuevo Leon,Nuevo Leon,14,2025,3.0
2025-04-04,Nuevo León,CF Moto,Nuevo León,Nuevo Leon,Nuevo Leon,14,2025,5.0
2025-04-04,Nuevo León,Honda,Nuevo León,Nuevo Leon,Nuevo Leon,14,2025,3.0
2025-04-04,Nuevo León,Husqvarna,Nuevo León,Nuevo Leon,Nuevo Leon,14,2025,1.0
2025-04-04,Nuevo León,Italika,Nuevo León,Nuevo Leon,Nuevo Leon,14,2025,2.0
2025-04-04,Nuevo León,KTM,Nuevo León,Nuevo Leon,Nuevo Leon,14,2025,1.0
2025-04-04,Nuevo León,Suzuki,Nuevo León,Nuevo Leon,Nuevo Leon,14,2025,2.0
2025-04-04,Nuevo León,TVS,Nuevo León,Nuevo Leon,Nuevo Leon,14,2025,2.0
2025-04-04,Nuevo León,Vento,Nuevo León,Nuevo Leon,Nuevo Leon,14,2025,9.0
2025-04-04,Oaxaca,Bajaj,Oaxaca,Oaxaca,Oaxaca,14,2025,11.0
2025-04-04,Oaxaca,CF Moto,Oaxaca,Oaxaca,Oaxaca,14,2025,1.0
2025-04-04,Oaxaca,CFLITE,Oaxaca,Oaxaca,Oaxaca,14,2025,3.0
2025-04-04,Oaxaca,Honda,Oaxaca,Oaxaca,Oaxaca,14,2025,2.0
2025-04-04,Oaxaca,Italika,Oaxaca,Oaxaca,Oaxaca,14,2025,2.0
2025-04-04,Oaxaca,Kawasaki,Oaxaca,Oaxaca,Oaxaca,14,2025,1.0
2025-04-04,Oaxaca,Suzuki,Oaxaca,Oaxaca,Oaxaca,14,2025,6.0
2025-04-04,Oaxaca,TVS,Oaxaca,Oaxaca,Oaxaca,14,2025,1.0
2025-04-04,Oaxaca,Vento,Oaxaca,Oaxaca,Oaxaca,14,2025,1.0
2025-04-04,Oaxaca,Yamaha,Oaxaca,Oaxaca,Oaxaca,14,2025,1.0
2025-04-04,Puebla,Bajaj,Puebla,Puebla,Puebla,14,2025,12.0
2025-04-04,Puebla,CF Moto,Puebla,Puebla,Puebla,14,2025,4.0
2025-04-04,Puebla,Dinamo,Puebla,Puebla,Puebla,14,2025,1.0
2025-04-04,Puebla,Hero,Puebla,Puebla,Puebla,14,2025,1.0
2025-04-04,Puebla,Honda,Puebla,Puebla,Puebla,14,2025,1.0
2025-04-04,Puebla,Italika,Puebla,Puebla,Puebla,14,2025,6.0
2025-04-04,Puebla,Suzuki,Puebla,Puebla,Puebla,14,2025,6.0
2025-04-04,Puebla,TVS,Puebla,Puebla,Puebla,14,2025,1.0
2025-04-04,Puebla,Vento,Puebla,Puebla,Puebla,14,2025,10.0
2025-04-04,Puebla,Yamaha,Puebla,Puebla,Puebla,14,2025,2.0
2025-04-04,Puebla,Zmoto,Puebla,Puebla,Puebla,14,2025,1.0
2025-04-04,Querétaro,Bajaj,Querétaro Arteaga,Queretaro,Queretaro,14,2025,3.0
2025-04-04,Querétaro,CF Moto,Querétaro Arteaga,Queretaro,Queretaro,14,2025,1.0
2025-04-04,Querétaro,Dinamo,Querétaro Arteaga,Queretaro,Queretaro,14,2025,1.0
2025-04-04,Querétaro,Kawasaki,Querétaro Arteaga,Queretaro,Queretaro,14,2025,1.0
2025-04-04,Querétaro,Suzuki,Querétaro Arteaga,Queretaro,Queretaro,14,2025,1.0
2025-04-04,Querétaro,TVS,Querétaro Arteaga,Queretaro,Queretaro,14,2025,1.0
2025-04-04,Querétaro,Vento,Querétaro Arteaga,Queretaro,Queretaro,14,2025,1.0
2025-04-04,Quintana Roo,Bajaj,Quintana Roo,Quintana Roo,Quintana Roo,14,2025,8.0
2025-04-04,Quintana Roo,Benelli,Quintana Roo,Quintana Roo,Quintana Roo,14,2025,1.0
2025-04-04,Quintana Roo,CF Moto,Quintana Roo,Quintana Roo,Quintana Roo,14,2025,1.0
2025-04-04,Quintana Roo,CFLITE,Quintana Roo,Quintana Roo,Quintana Roo,14,2025,1.0
2025-04-04,Quintana Roo,Dinamo,Quintana Roo,Quintana Roo,Quintana Roo,14,2025,1.0
2025-04-04,Quintana Roo,Honda,Quintana Roo,Quintana Roo,Quintana Roo,14,2025,3.0
2025-04-04,Quintana Roo,Italika,Quintana Roo,Quintana Roo,Quintana Roo,14,2025,2.0
2025-04-04,Quintana Roo,Suzuki,Quintana Roo,Quintana Roo,Quintana Roo,14,2025,4.0
2025-04-04,Quintana Roo,Vento,Quintana Roo,Quintana Roo,Quintana Roo,14,2025,2.0
2025-04-04,Quintana Roo,Yamaha,Quintana Roo,Quintana Roo,Quintana Roo,14,2025,1.0
2025-04-04,San Luis Potosí,CF Moto,San Luis Potosi,San Luis Potosi,San Luis Potosi,14,2025,1.0
2025-04-04,San Luis Potosí,Suzuki,San Luis Potosi,San Luis Potosi,San Luis Potosi,14,2025,2.0
2025-04-04,San Luis Potosí,TVS,San Luis Potosi,San Luis Potosi,San Luis Potosi,14,2025,1.0
2025-04-04,Sinaloa,Bajaj,Sinaloa,Sinaloa,Sinaloa,14,2025,1.0
2025-04-04,Sonora,Bajaj,Sonora,Sonora,Sonora,14,2025,1.0
2025-04-04,Tabasco,Bajaj,Tabasco,Tabasco,Tabasco,14,2025,1.0
2025-04-04,Tabasco,CF Moto,Tabasco,Tabasco,Tabasco,14,2025,2.0
2025-04-04,Tabasco,Italika,Tabasco,Tabasco,Tabasco,14,2025,1.0
2025-04-04,Tabasco,KTM,Tabasco,Tabasco,Tabasco,14,2025,1.0
2025-04-04,Tabasco,Suzuki,Tabasco,Tabasco,Tabasco,14,2025,1.0
2025-04-04,Tabasco,TVS,Tabasco,Tabasco,Tabasco,14,2025,1.0
2025-04-04,Tamaulipas,Bajaj,Tamaulipas,Tamaulipas,Tamaulipas,14,2025,1.0
2025-04-04,Tamaulipas,Vento,Tamaulipas,Tamaulipas,Tamaulipas,14,2025,1.0
2025-04-04,Tlaxcala,Bajaj,Tlaxcala,Tlaxcala,Tlaxcala,14,2025,2.0
2025-04-04,Tlaxcala,Hero,Tlaxcala,Tlaxcala,Tlaxcala,14,2025,1.0
2025-04-04,Tlaxcala,Italika,Tlaxcala,Tlaxcala,Tlaxcala,14,2025,3.0
2025-04-04,Tlaxcala,Kawasaki,Tlaxcala,Tlaxcala,Tlaxcala,14,2025,1.0
2025-04-04,Tlaxcala,MB,Tlaxcala,Tlaxcala,Tlaxcala,14,2025,1.0
2025-04-04,Tlaxcala,TVS,Tlaxcala,Tlaxcala,Tlaxcala,14,2025,2.0
2025-04-04,Veracruz,Bajaj,Veracruz,Veracruz,Veracruz,14,2025,11.0
2025-04-04,Veracruz,CFLITE,Veracruz,Veracruz,Veracruz,14,2025,3.0
2025-04-04,Veracruz,Dinamo,Veracruz,Veracruz,Veracruz,14,2025,1.0
2025-04-04,Veracruz,Honda,Veracruz,Veracruz,Veracruz,14,2025,2.0
2025-04-04,Veracruz,KTM,Veracruz,Veracruz,Veracruz,14,2025,3.0
2025-04-04,Veracruz,Kawasaki,Veracruz,Veracruz,Veracruz,14,2025,1.0
2025-04-04,Veracruz,Suzuki,Veracruz,Veracruz,Veracruz,14,2025,1.0
2025-04-04,Veracruz,TVS,Veracruz,Veracruz,Veracruz,14,2025,3.0
2025-04-04,Veracruz,Treck,Veracruz,Veracruz,Veracruz,14,2025,1.0
2025-04-04,Veracruz,Vento,Veracruz,Veracruz,Veracruz,14,2025,1.0
2025-04-04,Yucatán,Bajaj,Yucatán,Yucatan,Yucatan,14,2025,5.0
2025-04-04,Yucatán,Benelli,Yucatán,Yucatan,Yucatan,14,2025,2.0
2025-04-04,Yucatán,CF Moto,Yucatán,Yucatan,Yucatan,14,2025,2.0
2025-04-04,Yucatán,Hero,Yucatán,Yucatan,Yucatan,14,2025,1.0
2025-04-04,Yucatán,Honda,Yucatán,Yucatan,Yucatan,14,2025,2.0
2025-04-04,Yucatán,Suzuki,Yucatán,Yucatan,Yucatan,14,2025,1.0
2025-04-04,Yucatán,Vento,Yucatán,Yucatan,Yucatan,14,2025,1.0
2025-04-04,Yucatán,Yamaha,Yucatán,Yucatan,Yucatan,14,2025,1.0
2025-04-04,Zacatecas,Bajaj,Zacatecas,Zacatecas,Zacatecas,14,2025,2.0
2025-04-04,Zacatecas,CF Moto,Zacatecas,Zacatecas,Zacatecas,14,2025,1.0
2025-04-05,Aguascalientes,Bajaj,Aguascalientes,Aguascalientes,Aguascalientes,14,2025,1.0
2025-04-05,Aguascalientes,KTM,Aguascalientes,Aguascalientes,Aguascalientes,14,2025,1.0
2025-04-05,Baja California,Honda,Baja California,Baja California,Baja California,14,2025,1.0
2025-04-05,Campeche,Bajaj,Campeche,Campeche,Campeche,14,2025,2.0
2025-04-05,Campeche,CF Moto,Campeche,Campeche,Campeche,14,2025,1.0
2025-04-05,Campeche,Suzuki,Campeche,Campeche,Campeche,14,2025,1.0
2025-04-05,Colima,Bajaj,Colima,Colima,Colima,14,2025,2.0
2025-04-05,Colima,CF Moto,Colima,Colima,Colima,14,2025,2.0
2025-04-05,Colima,Kawasaki,Colima,Colima,Colima,14,2025,2.0
2025-04-05,Colima,Suzuki,Colima,Colima,Colima,14,2025,1.0
2025-04-05,Guanajuato,Bajaj,Guanajuato,Guanajuato,Guanajuato,14,2025,12.0
2025-04-05,Guanajuato,CF Moto,Guanajuato,Guanajuato,Guanajuato,14,2025,6.0
2025-04-05,Guanajuato,CFLITE,Guanajuato,Guanajuato,Guanajuato,14,2025,1.0
2025-04-05,Guanajuato,Italika,Guanajuato,Guanajuato,Guanajuato,14,2025,2.0
2025-04-05,Guanajuato,KTM,Guanajuato,Guanajuato,Guanajuato,14,2025,1.0
2025-04-05,Guerrero,Bajaj,Guerrero,Guerrero,Guerrero,14,2025,2.0
2025-04-05,Guerrero,CF Moto,Guerrero,Guerrero,Guerrero,14,2025,1.0
2025-04-05,Guerrero,CFLITE,Guerrero,Guerrero,Guerrero,14,2025,1.0
2025-04-05,Hidalgo,Bajaj,Hidalgo,Hidalgo,Hidalgo,14,2025,4.0
2025-04-05,Hidalgo,CF Moto,Hidalgo,Hidalgo,Hidalgo,14,2025,2.0
2025-04-05,Hidalgo,Honda,Hidalgo,Hidalgo,Hidalgo,14,2025,1.0
2025-04-05,Hidalgo,Vento,Hidalgo,Hidalgo,Hidalgo,14,2025,1.0
2025-04-05,Hidalgo,Yamaha,Hidalgo,Hidalgo,Hidalgo,14,2025,1.0
2025-04-05,Jalisco,Bajaj,Jalisco,Jalisco,Jalisco,14,2025,35.0
2025-04-05,Jalisco,CF Moto,Jalisco,Jalisco,Jalisco,14,2025,11.0
2025-04-05,Jalisco,Dinamo,Jalisco,Jalisco,Jalisco,14,2025,1.0
2025-04-05,Jalisco,Honda,Jalisco,Jalisco,Jalisco,14,2025,5.0
2025-04-05,Jalisco,Italika,Jalisco,Jalisco,Jalisco,14,2025,3.0
2025-04-05,Jalisco,KTM,Jalisco,Jalisco,Jalisco,14,2025,5.0
2025-04-05,Jalisco,Kawasaki,Jalisco,Jalisco,Jalisco,14,2025,1.0
2025-04-05,Jalisco,MB,Jalisco,Jalisco,Jalisco,14,2025,1.0
2025-04-05,Jalisco,Suzuki,Jalisco,Jalisco,Jalisco,14,2025,1.0
2025-04-05,Jalisco,TVS,Jalisco,Jalisco,Jalisco,14,2025,1.0
2025-04-05,Jalisco,Vento,Jalisco,Jalisco,Jalisco,14,2025,5.0
2025-04-05,Jalisco,Yamaha,Jalisco,Jalisco,Jalisco,14,2025,1.0
2025-04-05,Jalisco,Zmoto,Jalisco,Jalisco,Jalisco,14,2025,1.0
2025-04-05,Michoacán,Bajaj,Michoacán de Ocampo,Michoacan,Michoacan,14,2025,2.0
2025-04-05,Michoacán,CF Moto,Michoacán de Ocampo,Michoacan,Michoacan,14,2025,4.0
2025-04-05,Michoacán,CFLITE,Michoacán de Ocampo,Michoacan,Michoacan,14,2025,1.0
2025-04-05,Michoacán,Hero,Michoacán de Ocampo,Michoacan,Michoacan,14,2025,1.0
2025-04-05,Michoacán,Italika,Michoacán de Ocampo,Michoacan,Michoacan,14,2025,1.0
2025-04-05,Michoacán,KTM,Michoacán de Ocampo,Michoacan,Michoacan,14,2025,1.0
2025-04-05,Michoacán,Kawasaki,Michoacán de Ocampo,Michoacan,Michoacan,14,2025,1.0
2025-04-05,Michoacán,Vento,Michoacán de Ocampo,Michoacan,Michoacan,14,2025,2.0
2025-04-05,Morelos,Bajaj,Morelos,Morelos,Morelos,14,2025,5.0
2025-04-05,Morelos,CF Moto,Morelos,Morelos,Morelos,14,2025,2.0
2025-04-05,Morelos,Honda,Morelos,Morelos,Morelos,14,2025,2.0
2025-04-05,Morelos,Italika,Morelos,Morelos,Morelos,14,2025,1.0
2025-04-05,Morelos,Kawasaki,Morelos,Morelos,Morelos,14,2025,1.0
2025-04-05,Morelos,Suzuki,Morelos,Morelos,Morelos,14,2025,2.0
2025-04-05,Morelos,TVS,Morelos,Morelos,Morelos,14,2025,1.0
2025-04-05,México,Bajaj,State of Mexico,State of Mexico,Mexico,14,2025,88.0
2025-04-05,México,Benelli,State of Mexico,State of Mexico,Mexico,14,2025,3.0
2025-04-05,México,CF Moto,State of Mexico,State of Mexico,Mexico,14,2025,22.0
2025-04-05,México,CFLITE,State of Mexico,State of Mexico,Mexico,14,2025,3.0
2025-04-05,México,Hero,State of Mexico,State of Mexico,Mexico,14,2025,1.0
2025-04-05,México,Honda,State of Mexico,State of Mexico,Mexico,14,2025,19.0
2025-04-05,México,Italika,State of Mexico,State of Mexico,Mexico,14,2025,9.0
2025-04-05,México,Jiajue,State of Mexico,State of Mexico,Mexico,14,2025,1.0
2025-04-05,México,KTM,State of Mexico,State of Mexico,Mexico,14,2025,7.0
2025-04-05,México,Kawasaki,State of Mexico,State of Mexico,Mexico,14,2025,2.0
2025-04-05,México,Suzuki,State of Mexico,State of Mexico,Mexico,14,2025,6.0
2025-04-05,México,TVS,State of Mexico,State of Mexico,Mexico,14,2025,5.0
2025-04-05,México,Vento,State of Mexico,State of Mexico,Mexico,14,2025,18.0
2025-04-05,México,Yamaha,State of Mexico,State of Mexico,Mexico,14,2025,5.0
2025-04-05,México,Zmoto,State of Mexico,State of Mexico,Mexico,14,2025,2.0
2025-04-05,México,Zontes,State of Mexico,State of Mexico,Mexico,14,2025,2.0
2025-04-05,Nayarit,Bajaj,Nayarit,Nayarit,Nayarit,14,2025,2.0
2025-04-05,Nayarit,Honda,Nayarit,Nayarit,Nayarit,14,2025,2.0
2025-04-05,Nayarit,Kawasaki,Nayarit,Nayarit,Nayarit,14,2025,1.0
2025-04-05,Nayarit,Suzuki,Nayarit,Nayarit,Nayarit,14,2025,2.0
2025-04-05,Nayarit,Vento,Nayarit,Nayarit,Nayarit,14,2025,1.0
2025-04-05,Nuevo León,Bajaj,Nuevo León,Nuevo Leon,Nuevo Leon,14,2025,12.0
2025-04-05,Nuevo León,Benelli,Nuevo León,Nuevo Leon,Nuevo Leon,14,2025,1.0
2025-04-05,Nuevo León,CF Moto,Nuevo León,Nuevo Leon,Nuevo Leon,14,2025,4.0
2025-04-05,Nuevo León,Italika,Nuevo León,Nuevo Leon,Nuevo Leon,14,2025,3.0
2025-04-05,Nuevo León,KTM,Nuevo León,Nuevo Leon,Nuevo Leon,14,2025,1.0
2025-04-05,Nuevo León,Kawasaki,Nuevo León,Nuevo Leon,Nuevo Leon,14,2025,1.0
2025-04-05,Nuevo León,Suzuki,Nuevo León,Nuevo Leon,Nuevo Leon,14,2025,1.0
2025-04-05,Nuevo León,Vento,Nuevo León,Nuevo Leon,Nuevo Leon,14,2025,6.0
2025-04-05,Nuevo León,Zontes,Nuevo León,Nuevo Leon,Nuevo Leon,14,2025,1.0
2025-04-05,Oaxaca,Bajaj,Oaxaca,Oaxaca,Oaxaca,14,2025,15.0
2025-04-05,Oaxaca,CF Moto,Oaxaca,Oaxaca,Oaxaca,14,2025,4.0
2025-04-05,Oaxaca,Hero,Oaxaca,Oaxaca,Oaxaca,14,2025,1.0
2025-04-05,Oaxaca,Honda,Oaxaca,Oaxaca,Oaxaca,14,2025,2.0
2025-04-05,Oaxaca,Kawasaki,Oaxaca,Oaxaca,Oaxaca,14,2025,1.0
2025-04-05,Oaxaca,Suzuki,Oaxaca,Oaxaca,Oaxaca,14,2025,4.0
2025-04-05,Oaxaca,Vento,Oaxaca,Oaxaca,Oaxaca,14,2025,2.0
2025-04-05,Oaxaca,Yamaha,Oaxaca,Oaxaca,Oaxaca,14,2025,1.0
2025-04-05,Puebla,Bajaj,Puebla,Puebla,Puebla,14,2025,18.0
2025-04-05,Puebla,CF Moto,Puebla,Puebla,Puebla,14,2025,1.0
2025-04-05,Puebla,CFLITE,Puebla,Puebla,Puebla,14,2025,2.0
2025-04-05,Puebla,Hero,Puebla,Puebla,Puebla,14,2025,1.0
2025-04-05,Puebla,Honda,Puebla,Puebla,Puebla,14,2025,3.0
2025-04-05,Puebla,KTM,Puebla,Puebla,Puebla,14,2025,1.0
2025-04-05,Puebla,Kawasaki,Puebla,Puebla,Puebla,14,2025,1.0
2025-04-05,Puebla,MB,Puebla,Puebla,Puebla,14,2025,2.0
2025-04-05,Puebla,Suzuki,Puebla,Puebla,Puebla,14,2025,1.0
2025-04-05,Puebla,TVS,Puebla,Puebla,Puebla,14,2025,2.0
2025-04-05,Puebla,Vento,Puebla,Puebla,Puebla,14,2025,8.0
2025-04-05,Puebla,Yamaha,Puebla,Puebla,Puebla,14,2025,5.0
2025-04-05,Puebla,Zmoto,Puebla,Puebla,Puebla,14,2025,1.0
2025-04-05,Querétaro,Bajaj,Querétaro Arteaga,Queretaro,Queretaro,14,2025,2.0
2025-04-05,Querétaro,MB,Querétaro Arteaga,Queretaro,Queretaro,14,2025,1.0
2025-04-05,Querétaro,Suzuki,Querétaro Arteaga,Queretaro,Queretaro,14,2025,2.0
2025-04-05,Querétaro,Zmoto,Querétaro Arteaga,Queretaro,Queretaro,14,2025,1.0
2025-04-05,Querétaro,Zontes,Querétaro Arteaga,Queretaro,Queretaro,14,2025,1.0
2025-04-05,Quintana Roo,Bajaj,Quintana Roo,Quintana Roo,Quintana Roo,14,2025,20.0
2025-04-05,Quintana Roo,Benelli,Quintana Roo,Quintana Roo,Quintana Roo,14,2025,2.0
2025-04-05,Quintana Roo,CF Moto,Quintana Roo,Quintana Roo,Quintana Roo,14,2025,4.0
2025-04-05,Quintana Roo,Hero,Quintana Roo,Quintana Roo,Quintana Roo,14,2025,1.0
2025-04-05,Quintana Roo,Honda,Quintana Roo,Quintana Roo,Quintana Roo,14,2025,2.0
2025-04-05,Quintana Roo,Italika,Quintana Roo,Quintana Roo,Quintana Roo,14,2025,3.0
2025-04-05,Quintana Roo,Kawasaki,Quintana Roo,Quintana Roo,Quintana Roo,14,2025,1.0
2025-04-05,Quintana Roo,Suzuki,Quintana Roo,Quintana Roo,Quintana Roo,14,2025,4.0
2025-04-05,Quintana Roo,TVS,Quintana Roo,Quintana Roo,Quintana Roo,14,2025,1.0
2025-04-05,Quintana Roo,Vento,Quintana Roo,Quintana Roo,Quintana Roo,14,2025,3.0
2025-04-05,Quintana Roo,Yamaha,Quintana Roo,Quintana Roo,Quintana Roo,14,2025,3.0
2025-04-05,San Luis Potosí,Bajaj,San Luis Potosi,San Luis Potosi,San Luis Potosi,14,2025,2.0
2025-04-05,San Luis Potosí,CF Moto,San Luis Potosi,San Luis Potosi,San Luis Potosi,14,2025,3.0
2025-04-05,San Luis Potosí,TVS,San Luis Potosi,San Luis Potosi,San Luis Potosi,14,2025,1.0
2025-04-05,Sinaloa,CF Moto,Sinaloa,Sinaloa,Sinaloa,14,2025,2.0
2025-04-05,Sinaloa,Italika,Sinaloa,Sinaloa,Sinaloa,14,2025,1.0
2025-04-05,Sonora,Bajaj,Sonora,Sonora,Sonora,14,2025,1.0
2025-04-05,Sonora,KTM,Sonora,Sonora,Sonora,14,2025,1.0
2025-04-05,Sonora,Kawasaki,Sonora,Sonora,Sonora,14,2025,1.0
2025-04-05,Sonora,Vento,Sonora,Sonora,Sonora,14,2025,2.0
2025-04-05,Sonora,Yamaha,Sonora,Sonora,Sonora,14,2025,1.0
2025-04-05,Tabasco,Bajaj,Tabasco,Tabasco,Tabasco,14,2025,4.0
2025-04-05,Tabasco,CF Moto,Tabasco,Tabasco,Tabasco,14,2025,2.0
2025-04-05,Tabasco,Dinamo,Tabasco,Tabasco,Tabasco,14,2025,1.0
2025-04-05,Tabasco,Italika,Tabasco,Tabasco,Tabasco,14,2025,1.0
2025-04-05,Tabasco,Kawasaki,Tabasco,Tabasco,Tabasco,14,2025,1.0
2025-04-05,Tabasco,TVS,Tabasco,Tabasco,Tabasco,14,2025,2.0
2025-04-05,Tamaulipas,Bajaj,Tamaulipas,Tamaulipas,Tamaulipas,14,2025,1.0
2025-04-05,Tamaulipas,Honda,Tamaulipas,Tamaulipas,Tamaulipas,14,2025,1.0
2025-04-05,Tamaulipas,TVS,Tamaulipas,Tamaulipas,Tamaulipas,14,2025,1.0
2025-04-05,Tamaulipas,Vento,Tamaulipas,Tamaulipas,Tamaulipas,14,2025,1.0
2025-04-05,Tlaxcala,Bajaj,Tlaxcala,Tlaxcala,Tlaxcala,14,2025,3.0
2025-04-05,Tlaxcala,CF Moto,Tlaxcala,Tlaxcala,Tlaxcala,14,2025,1.0
2025-04-05,Tlaxcala,CFLITE,Tlaxcala,Tlaxcala,Tlaxcala,14,2025,1.0
2025-04-05,Tlaxcala,Vento,Tlaxcala,Tlaxcala,Tlaxcala,14,2025,3.0
2025-04-05,Veracruz,Bajaj,Veracruz,Veracruz,Veracruz,14,2025,13.0
2025-04-05,Veracruz,CF Moto,Veracruz,Veracruz,Veracruz,14,2025,4.0
2025-04-05,Veracruz,Honda,Veracruz,Veracruz,Veracruz,14,2025,1.0
2025-04-05,Veracruz,Italika,Veracruz,Veracruz,Veracruz,14,2025,2.0
2025-04-05,Veracruz,Suzuki,Veracruz,Veracruz,Veracruz,14,2025,4.0
2025-04-05,Yucatán,Bajaj,Yucatán,Yucatan,Yucatan,14,2025,8.0
2025-04-05,Yucatán,Benelli,Yucatán,Yucatan,Yucatan,14,2025,1.0
2025-04-05,Yucatán,CF Moto,Yucatán,Yucatan,Yucatan,14,2025,2.0
2025-04-05,Yucatán,Honda,Yucatán,Yucatan,Yucatan,14,2025,1.0
2025-04-05,Yucatán,Kawasaki,Yucatán,Yucatan,Yucatan,14,2025,1.0
2025-04-05,Yucatán,TVS,Yucatán,Yucatan,Yucatan,14,2025,1.0
2025-04-05,Yucatán,Vento,Yucatán,Yucatan,Yucatan,14,2025,5.0
2025-04-05,Yucatán,Yamaha,Yucatán,Yucatan,Yucatan,14,2025,3.0
2025-04-06,Baja California,Honda,Baja California,Baja California,Baja California,14,2025,1.0
2025-04-06,Baja California Sur,Bajaj,Baja California Sur,Baja California Sur,Baja California Sur,14,2025,1.0
2025-04-06,Campeche,Bajaj,Campeche,Campeche,Campeche,14,2025,2.0
2025-04-06,Campeche,CF Moto,Campeche,Campeche,Campeche,14,2025,1.0
2025-04-06,Chihuahua,Bajaj,Chihuahua,Chihuahua,Chihuahua,14,2025,1.0
2025-04-06,Chihuahua,Italika,Chihuahua,Chihuahua,Chihuahua,14,2025,1.0
2025-04-06,Colima,Bajaj,Colima,Colima,Colima,14,2025,1.0
2025-04-06,Colima,Italika,Colima,Colima,Colima,14,2025,1.0
2025-04-06,Colima,Suzuki,Colima,Colima,Colima,14,2025,1.0
2025-04-06,Colima,Zmoto,Colima,Colima,Colima,14,2025,1.0
2025-04-06,Durango,Bajaj,Durango,Durango,Durango,14,2025,1.0
2025-04-06,Durango,CF Moto,Durango,Durango,Durango,14,2025,1.0
2025-04-06,Durango,KTM,Durango,Durango,Durango,14,2025,1.0
2025-04-06,Durango,MB,Durango,Durango,Durango,14,2025,1.0
2025-04-06,Guanajuato,Bajaj,Guanajuato,Guanajuato,Guanajuato,14,2025,8.0
2025-04-06,Guanajuato,CF Moto,Guanajuato,Guanajuato,Guanajuato,14,2025,4.0
2025-04-06,Guanajuato,CFLITE,Guanajuato,Guanajuato,Guanajuato,14,2025,2.0
2025-04-06,Guanajuato,Hero,Guanajuato,Guanajuato,Guanajuato,14,2025,1.0
2025-04-06,Guanajuato,Italika,Guanajuato,Guanajuato,Guanajuato,14,2025,1.0
2025-04-06,Guanajuato,KTM,Guanajuato,Guanajuato,Guanajuato,14,2025,1.0
2025-04-06,Guanajuato,TVS,Guanajuato,Guanajuato,Guanajuato,14,2025,1.0
2025-04-06,Guanajuato,Vento,Guanajuato,Guanajuato,Guanajuato,14,2025,1.0
2025-04-06,Guanajuato,Yamaha,Guanajuato,Guanajuato,Guanajuato,14,2025,1.0
2025-04-06,Guerrero,Bajaj,Guerrero,Guerrero,Guerrero,14,2025,4.0
2025-04-06,Guerrero,Benelli,Guerrero,Guerrero,Guerrero,14,2025,1.0
2025-04-06,Guerrero,CF Moto,Guerrero,Guerrero,Guerrero,14,2025,1.0
2025-04-06,Hidalgo,Bajaj,Hidalgo,Hidalgo,Hidalgo,14,2025,7.0
2025-04-06,Hidalgo,CF Moto,Hidalgo,Hidalgo,Hidalgo,14,2025,5.0
2025-04-06,Hidalgo,Vento,Hidalgo,Hidalgo,Hidalgo,14,2025,2.0
2025-04-06,Jalisco,Bajaj,Jalisco,Jalisco,Jalisco,14,2025,35.0
2025-04-06,Jalisco,Benelli,Jalisco,Jalisco,Jalisco,14,2025,1.0
2025-04-06,Jalisco,CF Moto,Jalisco,Jalisco,Jalisco,14,2025,11.0
2025-04-06,Jalisco,CFLITE,Jalisco,Jalisco,Jalisco,14,2025,2.0
2025-04-06,Jalisco,Honda,Jalisco,Jalisco,Jalisco,14,2025,9.0
2025-04-06,Jalisco,Italika,Jalisco,Jalisco,Jalisco,14,2025,5.0
2025-04-06,Jalisco,KTM,Jalisco,Jalisco,Jalisco,14,2025,2.0
2025-04-06,Jalisco,Suzuki,Jalisco,Jalisco,Jalisco,14,2025,1.0
2025-04-06,Jalisco,Vento,Jalisco,Jalisco,Jalisco,14,2025,8.0
2025-04-06,Jalisco,Yamaha,Jalisco,Jalisco,Jalisco,14,2025,1.0
2025-04-06,Michoacán,Bajaj,Michoacán de Ocampo,Michoacan,Michoacan,14,2025,6.0
2025-04-06,Michoacán,CF Moto,Michoacán de Ocampo,Michoacan,Michoacan,14,2025,2.0
2025-04-06,Michoacán,Honda,Michoacán de Ocampo,Michoacan,Michoacan,14,2025,1.0
2025-04-06,Michoacán,Italika,Michoacán de Ocampo,Michoacan,Michoacan,14,2025,2.0
2025-04-06,Michoacán,KTM,Michoacán de Ocampo,Michoacan,Michoacan,14,2025,1.0
2025-04-06,Michoacán,Suzuki,Michoacán de Ocampo,Michoacan,Michoacan,14,2025,1.0
2025-04-06,Michoacán,Vento,Michoacán de Ocampo,Michoacan,Michoacan,14,2025,1.0
2025-04-06,Morelos,Bajaj,Morelos,Morelos,Morelos,14,2025,10.0
2025-04-06,Morelos,CF Moto,Morelos,Morelos,Morelos,14,2025,2.0
2025-04-06,Morelos,CFLITE,Morelos,Morelos,Morelos,14,2025,2.0
2025-04-06,Morelos,Hero,Morelos,Morelos,Morelos,14,2025,1.0
2025-04-06,Morelos,Honda,Morelos,Morelos,Morelos,14,2025,3.0
2025-04-06,Morelos,Italika,Morelos,Morelos,Morelos,14,2025,1.0
2025-04-06,Morelos,Kawasaki,Morelos,Morelos,Morelos,14,2025,2.0
2025-04-06,Morelos,Suzuki,Morelos,Morelos,Morelos,14,2025,3.0
2025-04-06,Morelos,TVS,Morelos,Morelos,Morelos,14,2025,2.0
2025-04-06,Morelos,Vento,Morelos,Morelos,Morelos,14,2025,2.0
2025-04-06,Morelos,Yamaha,Morelos,Morelos,Morelos,14,2025,1.0
2025-04-06,México,Bajaj,State of Mexico,State of Mexico,Mexico,14,2025,87.0
2025-04-06,México,Benelli,State of Mexico,State of Mexico,Mexico,14,2025,3.0
2025-04-06,México,CF Moto,State of Mexico,State of Mexico,Mexico,14,2025,21.0
2025-04-06,México,CFLITE,State of Mexico,State of Mexico,Mexico,14,2025,6.0
2025-04-06,México,Dinamo,State of Mexico,State of Mexico,Mexico,14,2025,3.0
2025-04-06,México,Hero,State of Mexico,State of Mexico,Mexico,14,2025,4.0
2025-04-06,México,Honda,State of Mexico,State of Mexico,Mexico,14,2025,13.0
2025-04-06,México,Italika,State of Mexico,State of Mexico,Mexico,14,2025,12.0
2025-04-06,México,Jiajue,State of Mexico,State of Mexico,Mexico,14,2025,1.0
2025-04-06,México,KTM,State of Mexico,State of Mexico,Mexico,14,2025,13.0
2025-04-06,México,Kawasaki,State of Mexico,State of Mexico,Mexico,14,2025,2.0
2025-04-06,México,MB,State of Mexico,State of Mexico,Mexico,14,2025,2.0
2025-04-06,México,Suzuki,State of Mexico,State of Mexico,Mexico,14,2025,8.0
2025-04-06,México,TVS,State of Mexico,State of Mexico,Mexico,14,2025,4.0
2025-04-06,México,Vento,State of Mexico,State of Mexico,Mexico,14,2025,30.0
2025-04-06,México,Yamaha,State of Mexico,State of Mexico,Mexico,14,2025,4.0
2025-04-06,México,Zmoto,State of Mexico,State of Mexico,Mexico,14,2025,3.0
2025-04-06,México,Zontes,State of Mexico,State of Mexico,Mexico,14,2025,1.0
2025-04-06,Nayarit,Bajaj,Nayarit,Nayarit,Nayarit,14,2025,3.0
2025-04-06,Nayarit,CF Moto,Nayarit,Nayarit,Nayarit,14,2025,2.0
2025-04-06,Nayarit,Italika,Nayarit,Nayarit,Nayarit,14,2025,1.0
2025-04-06,Nuevo León,Bajaj,Nuevo León,Nuevo Leon,Nuevo Leon,14,2025,13.0
2025-04-06,Nuevo León,CF Moto,Nuevo León,Nuevo Leon,Nuevo Leon,14,2025,2.0
2025-04-06,Nuevo León,CFLITE,Nuevo León,Nuevo Leon,Nuevo Leon,14,2025,1.0
2025-04-06,Nuevo León,Honda,Nuevo León,Nuevo Leon,Nuevo Leon,14,2025,3.0
2025-04-06,Nuevo León,Italika,Nuevo León,Nuevo Leon,Nuevo Leon,14,2025,1.0
2025-04-06,Nuevo León,KTM,Nuevo León,Nuevo Leon,Nuevo Leon,14,2025,1.0
2025-04-06,Nuevo León,Suzuki,Nuevo León,Nuevo Leon,Nuevo Leon,14,2025,2.0
2025-04-06,Nuevo León,TVS,Nuevo León,Nuevo Leon,Nuevo Leon,14,2025,1.0
2025-04-06,Nuevo León,Vento,Nuevo León,Nuevo Leon,Nuevo Leon,14,2025,9.0
2025-04-06,Nuevo León,Yamaha,Nuevo León,Nuevo Leon,Nuevo Leon,14,2025,2.0
2025-04-06,Oaxaca,Bajaj,Oaxaca,Oaxaca,Oaxaca,14,2025,15.0
2025-04-06,Oaxaca,Benelli,Oaxaca,Oaxaca,Oaxaca,14,2025,2.0
2025-04-06,Oaxaca,CF Moto,Oaxaca,Oaxaca,Oaxaca,14,2025,2.0
2025-04-06,Oaxaca,CFLITE,Oaxaca,Oaxaca,Oaxaca,14,2025,1.0
2025-04-06,Oaxaca,Dinamo,Oaxaca,Oaxaca,Oaxaca,14,2025,1.0
2025-04-06,Oaxaca,Honda,Oaxaca,Oaxaca,Oaxaca,14,2025,4.0
2025-04-06,Oaxaca,Husqvarna,Oaxaca,Oaxaca,Oaxaca,14,2025,1.0
2025-04-06,Oaxaca,KTM,Oaxaca,Oaxaca,Oaxaca,14,2025,2.0
2025-04-06,Oaxaca,Kawasaki,Oaxaca,Oaxaca,Oaxaca,14,2025,1.0
2025-04-06,Oaxaca,Suzuki,Oaxaca,Oaxaca,Oaxaca,14,2025,1.0
2025-04-06,Oaxaca,Vento,Oaxaca,Oaxaca,Oaxaca,14,2025,3.0
2025-04-06,Oaxaca,Yamaha,Oaxaca,Oaxaca,Oaxaca,14,2025,2.0
2025-04-06,Puebla,Bajaj,Puebla,Puebla,Puebla,14,2025,14.0
2025-04-06,Puebla,CF Moto,Puebla,Puebla,Puebla,14,2025,3.0
2025-04-06,Puebla,CFLITE,Puebla,Puebla,Puebla,14,2025,1.0
2025-04-06,Puebla,Honda,Puebla,Puebla,Puebla,14,2025,2.0
2025-04-06,Puebla,Italika,Puebla,Puebla,Puebla,14,2025,5.0
2025-04-06,Puebla,KTM,Puebla,Puebla,Puebla,14,2025,1.0
2025-04-06,Puebla,Suzuki,Puebla,Puebla,Puebla,14,2025,1.0
2025-04-06,Puebla,TVS,Puebla,Puebla,Puebla,14,2025,1.0
2025-04-06,Puebla,Vento,Puebla,Puebla,Puebla,14,2025,4.0
2025-04-06,Puebla,Zmoto,Puebla,Puebla,Puebla,14,2025,1.0
2025-04-06,Querétaro,CF Moto,Querétaro Arteaga,Queretaro,Queretaro,14,2025,3.0
2025-04-06,Querétaro,Suzuki,Querétaro Arteaga,Queretaro,Queretaro,14,2025,1.0
2025-04-06,Quintana Roo,Bajaj,Quintana Roo,Quintana Roo,Quintana Roo,14,2025,14.0
2025-04-06,Quintana Roo,CF Moto,Quintana Roo,Quintana Roo,Quintana Roo,14,2025,3.0
2025-04-06,Quintana Roo,CFLITE,Quintana Roo,Quintana Roo,Quintana Roo,14,2025,1.0
2025-04-06,Quintana Roo,Honda,Quintana Roo,Quintana Roo,Quintana Roo,14,2025,1.0
2025-04-06,Quintana Roo,Italika,Quintana Roo,Quintana Roo,Quintana Roo,14,2025,2.0
2025-04-06,Quintana Roo,Suzuki,Quintana Roo,Quintana Roo,Quintana Roo,14,2025,2.0
2025-04-06,Quintana Roo,TVS,Quintana Roo,Quintana Roo,Quintana Roo,14,2025,1.0
2025-04-06,Quintana Roo,Vento,Quintana Roo,Quintana Roo,Quintana Roo,14,2025,1.0
2025-04-06,Quintana Roo,Yamaha,Quintana Roo,Quintana Roo,Quintana Roo,14,2025,3.0
2025-04-06,San Luis Potosí,Bajaj,San Luis Potosi,San Luis Potosi,San Luis Potosi,14,2025,2.0
2025-04-06,San Luis Potosí,Honda,San Luis Potosi,San Luis Potosi,San Luis Potosi,14,2025,1.0
2025-04-06,San Luis Potosí,Vento,San Luis Potosi,San Luis Potosi,San Luis Potosi,14,2025,1.0
2025-04-06,Sinaloa,CF Moto,Sinaloa,Sinaloa,Sinaloa,14,2025,3.0
2025-04-06,Sinaloa,Suzuki,Sinaloa,Sinaloa,Sinaloa,14,2025,1.0
2025-04-06,Tabasco,Bajaj,Tabasco,Tabasco,Tabasco,14,2025,7.0
2025-04-06,Tabasco,CF Moto,Tabasco,Tabasco,Tabasco,14,2025,2.0
2025-04-06,Tabasco,CFLITE,Tabasco,Tabasco,Tabasco,14,2025,2.0
2025-04-06,Tabasco,Italika,Tabasco,Tabasco,Tabasco,14,2025,1.0
2025-04-06,Tabasco,TVS,Tabasco,Tabasco,Tabasco,14,2025,1.0
2025-04-06,Tabasco,Vento,Tabasco,Tabasco,Tabasco,14,2025,2.0
2025-04-06,Tabasco,Yamaha,Tabasco,Tabasco,Tabasco,14,2025,1.0
2025-04-06,Tamaulipas,Suzuki,Tamaulipas,Tamaulipas,Tamaulipas,14,2025,1.0
2025-04-06,Tlaxcala,Bajaj,Tlaxcala,Tlaxcala,Tlaxcala,14,2025,4.0
2025-04-06,Tlaxcala,CF Moto,Tlaxcala,Tlaxcala,Tlaxcala,14,2025,1.0
2025-04-06,Tlaxcala,Honda,Tlaxcala,Tlaxcala,Tlaxcala,14,2025,1.0
2025-04-06,Tlaxcala,Italika,Tlaxcala,Tlaxcala,Tlaxcala,14,2025,2.0
2025-04-06,Tlaxcala,Suzuki,Tlaxcala,Tlaxcala,Tlaxcala,14,2025,1.0
2025-04-06,Tlaxcala,Vento,Tlaxcala,Tlaxcala,Tlaxcala,14,2025,1.0
2025-04-06,Tlaxcala,Yamaha,Tlaxcala,Tlaxcala,Tlaxcala,14,2025,2.0
2025-04-06,Veracruz,Bajaj,Veracruz,Veracruz,Veracruz,14,2025,16.0
2025-04-06,Veracruz,Benelli,Veracruz,Veracruz,Veracruz,14,2025,2.0
2025-04-06,Veracruz,CF Moto,Veracruz,Veracruz,Veracruz,14,2025,3.0
2025-04-06,Veracruz,Hero,Veracruz,Veracruz,Veracruz,14,2025,1.0
2025-04-06,Veracruz,Italika,Veracruz,Veracruz,Veracruz,14,2025,2.0
2025-04-06,Veracruz,MB,Veracruz,Veracruz,Veracruz,14,2025,1.0
2025-04-06,Veracruz,Suzuki,Veracruz,Veracruz,Veracruz,14,2025,3.0
2025-04-06,Veracruz,TVS,Veracruz,Veracruz,Veracruz,14,2025,1.0
2025-04-06,Veracruz,Vento,Veracruz,Veracruz,Veracruz,14,2025,3.0
2025-04-06,Veracruz,Yamaha,Veracruz,Veracruz,Veracruz,14,2025,1.0
2025-04-06,Yucatán,Bajaj,Yucatán,Yucatan,Yucatan,14,2025,4.0
2025-04-06,Yucatán,CF Moto,Yucatán,Yucatan,Yucatan,14,2025,3.0
2025-04-06,Yucatán,CFLITE,Yucatán,Yucatan,Yucatan,14,2025,1.0
2025-04-06,Yucatán,Hero,Yucatán,Yucatan,Yucatan,14,2025,2.0
2025-04-06,Yucatán,Honda,Yucatán,Yucatan,Yucatan,14,2025,2.0
2025-04-06,Yucatán,KTM,Yucatán,Yucatan,Yucatan,14,2025,1.0
2025-04-06,Yucatán,Kawasaki,Yucatán,Yucatan,Yucatan,14,2025,1.0
2025-04-06,Yucatán,Royal Enfield,Yucatán,Yucatan,Yucatan,14,2025,1.0
2025-04-06,Yucatán,Suzuki,Yucatán,Yucatan,Yucatan,14,2025,2.0
2025-04-06,Yucatán,Yamaha,Yucatán,Yucatan,Yucatan,14,2025,2.0
2025-04-06,Zacatecas,CF Moto,Zacatecas,Zacatecas,Zacatecas,14,2025,1.0
2025-04-06,Zacatecas,Vento,Zacatecas,Zacatecas,Zacatecas,14,2025,1.0
